Date,Adj Close,Close,High,Low,Open,Volume
,INFY.NS,INFY.NS,INFY.NS,INFY.NS,INFY.NS,INFY.NS
2022-01-03,1740.2310791015625,1898.449951171875,1914.050048828125,1887.75,1887.75,3329616
2022-01-04,1740.872802734375,1899.1500244140625,1906.6500244140625,1878.0,1898.449951171875,3921999
2022-01-05,1690.914794921875,1844.6500244140625,1902.9000244140625,1840.0,1900.0,6995719
2022-01-06,1666.302490234375,1817.800048828125,1828.0,1800.0,1828.0,6449205
2022-01-07,1663.0943603515625,1814.300048828125,1836.0,1806.800048828125,1815.449951171875,4834389
2022-01-10,1696.50634765625,1850.75,1869.9000244140625,1813.0,1815.0,7857560
2022-01-11,1700.952392578125,1855.5999755859375,1870.0,1850.1500244140625,1855.0,5142287
2022-01-12,1720.9810791015625,1877.449951171875,1889.0,1860.0,1868.9000244140625,5362535
2022-01-13,1738.7186279296875,1896.800048828125,1912.5,1866.3499755859375,1905.0,14277630
2022-01-14,1768.555908203125,1929.3499755859375,1933.0,1881.0,1882.0,7688506
2022-01-17,1777.85986328125,1939.5,1953.9000244140625,1930.5,1938.550048828125,5262464
2022-01-18,1760.672607421875,1920.75,1945.0,1911.449951171875,1922.0999755859375,3690315
2022-01-19,1711.447998046875,1867.050048828125,1916.0,1862.8499755859375,1916.0,5747770
2022-01-20,1671.710693359375,1823.699951171875,1848.0,1815.5,1844.0,5533463
2022-01-21,1636.8778076171875,1785.699951171875,1808.0,1776.0,1795.0,8252758
2022-01-24,1592.0533447265625,1736.800048828125,1768.6500244140625,1728.0,1765.0,7116712
2022-01-25,1578.6241455078125,1722.1500244140625,1740.0,1700.5,1726.5999755859375,9137653
2022-01-27,1538.70361328125,1678.5999755859375,1709.699951171875,1665.0,1702.0,11231734
2022-01-28,1545.670166015625,1686.199951171875,1727.550048828125,1679.5,1681.0,10998502
2022-01-31,1591.503173828125,1736.199951171875,1749.5,1715.3499755859375,1718.0,8788872
2022-02-01,1624.365478515625,1772.050048828125,1780.0,1734.699951171875,1766.0999755859375,5119935
2022-02-02,1638.1611328125,1787.0999755859375,1792.800048828125,1772.0,1789.0,4253717
2022-02-03,1593.657470703125,1738.550048828125,1779.0,1734.0,1779.0,3832922
2022-02-04,1595.9947509765625,1741.0999755859375,1753.949951171875,1710.1500244140625,1732.0,4700077
2022-02-07,1572.070068359375,1715.0,1732.0,1695.4000244140625,1722.199951171875,4310209
2022-02-08,1574.1783447265625,1717.300048828125,1725.0,1696.0,1710.0,6053401
2022-02-09,1592.5115966796875,1737.300048828125,1743.0,1725.0,1735.0,3867244
2022-02-10,1622.11962890625,1769.5999755859375,1773.9000244140625,1748.75,1755.6500244140625,4334630
2022-02-11,1577.8907470703125,1721.3499755859375,1745.949951171875,1713.0,1740.0,7551371
2022-02-14,1542.003662109375,1682.199951171875,1718.550048828125,1678.25,1690.0,7459637
2022-02-15,1593.38232421875,1738.25,1746.75,1690.449951171875,1699.0,4669915
2022-02-16,1588.844970703125,1733.300048828125,1755.449951171875,1726.8499755859375,1738.25,5350642
2022-02-17,1581.0533447265625,1724.800048828125,1749.0,1720.300048828125,1744.0,3937950
2022-02-18,1564.690673828125,1706.949951171875,1722.5,1703.5,1710.0,5602215
2022-02-21,1586.4615478515625,1730.699951171875,1737.300048828125,1691.5,1701.0,5120890
2022-02-22,1589.807373046875,1734.3499755859375,1751.0,1691.050048828125,1699.9000244140625,8878515
2022-02-23,1597.598876953125,1742.8499755859375,1758.25,1733.4000244140625,1750.0,5478811
2022-02-24,1538.2911376953125,1678.1500244140625,1714.949951171875,1670.5,1690.0999755859375,13592379
2022-02-25,1553.3702392578125,1694.5999755859375,1728.1500244140625,1677.0,1715.0,9737281
2022-02-28,1572.619873046875,1715.5999755859375,1728.050048828125,1665.0,1682.199951171875,15076542
2022-03-02,1560.8868408203125,1702.800048828125,1714.4000244140625,1691.0,1710.0,6771489
2022-03-03,1577.4322509765625,1720.8499755859375,1733.9000244140625,1705.550048828125,1720.199951171875,7344147
2022-03-04,1579.6783447265625,1723.300048828125,1736.0,1681.0,1695.25,9074499
2022-03-07,1594.848876953125,1739.8499755859375,1751.0,1696.0,1697.0,9742588
2022-03-08,1630.0028076171875,1778.199951171875,1800.0,1718.449951171875,1718.449951171875,10984500
2022-03-09,1662.22314453125,1813.3499755859375,1831.5999755859375,1791.0,1791.0,10193515
2022-03-10,1673.7275390625,1825.9000244140625,1844.75,1810.199951171875,1844.75,6547182
2022-03-11,1670.152587890625,1822.0,1831.4000244140625,1811.0,1814.0,4758657
2022-03-14,1733.1268310546875,1890.699951171875,1895.0,1831.550048828125,1831.550048828125,10289724
2022-03-15,1686.0106201171875,1839.300048828125,1888.3499755859375,1830.0,1888.3499755859375,7140443
2022-03-16,1731.935302734375,1889.4000244140625,1893.949951171875,1849.0,1865.0,5233979
2022-03-17,1700.035400390625,1854.5999755859375,1923.300048828125,1833.050048828125,1923.300048828125,17731459
2022-03-21,1698.61474609375,1853.050048828125,1886.9000244140625,1841.0999755859375,1861.0,8362085
2022-03-22,1730.1019287109375,1887.4000244140625,1890.0,1839.0,1850.0,5709382
2022-03-23,1716.352294921875,1872.4000244140625,1900.0,1857.0,1897.0,6192824
2022-03-24,1729.4603271484375,1886.699951171875,1894.5999755859375,1856.1500244140625,1856.1500244140625,3784303
2022-03-25,1720.1563720703125,1876.550048828125,1894.0,1858.0,1892.0,3438588
2022-03-28,1717.72705078125,1873.9000244140625,1880.9000244140625,1852.6500244140625,1866.0,4008555
2022-03-29,1728.818603515625,1886.0,1889.4000244140625,1860.550048828125,1873.9000244140625,3917785
2022-03-30,1745.2725830078125,1903.949951171875,1919.0,1895.0,1910.0,7795839
2022-03-31,1747.9310302734375,1906.8499755859375,1913.0,1894.199951171875,1900.0,5399145
2022-04-01,1744.90625,1903.550048828125,1910.300048828125,1878.300048828125,1886.8499755859375,6171518
2022-04-04,1726.02294921875,1882.949951171875,1893.0,1873.0,1889.75,7364074
2022-04-05,1705.9937744140625,1861.0999755859375,1889.5999755859375,1857.1500244140625,1883.800048828125,5472024
2022-04-06,1676.4317626953125,1828.8499755859375,1857.5,1822.1500244140625,1855.0,5407453
2022-04-07,1660.0692138671875,1811.0,1828.1500244140625,1807.550048828125,1821.050048828125,5797544
2022-04-08,1663.3692626953125,1814.5999755859375,1838.0,1808.0,1823.0,5131446
2022-04-11,1619.32373046875,1766.550048828125,1814.0,1762.550048828125,1814.0,8248407
2022-04-12,1597.232421875,1742.449951171875,1757.5,1727.75,1757.5,6456184
2022-04-13,1602.823974609375,1748.550048828125,1757.5,1732.0,1754.949951171875,6257693
2022-04-18,1486.2706298828125,1621.4000244140625,1650.0,1590.0,1605.5,30523965
2022-04-19,1431.8211669921875,1562.0,1636.6500244140625,1550.0,1636.6500244140625,17044923
2022-04-20,1455.37939453125,1587.699951171875,1596.300048828125,1563.0,1575.0,10678747
2022-04-21,1483.8875732421875,1618.800048828125,1627.199951171875,1589.25,1595.0,7766514
2022-04-22,1453.3167724609375,1585.449951171875,1610.699951171875,1582.4000244140625,1604.3499755859375,8134245
2022-04-25,1430.99609375,1561.0999755859375,1572.800048828125,1554.0999755859375,1572.800048828125,7000570
2022-04-26,1449.2376708984375,1581.0,1592.0,1566.550048828125,1577.199951171875,5345435
2022-04-27,1423.3880615234375,1552.800048828125,1572.75,1550.3499755859375,1572.75,8819356
2022-04-28,1450.7044677734375,1582.5999755859375,1601.800048828125,1557.449951171875,1570.0,9245177
2022-04-29,1436.90869140625,1567.550048828125,1597.300048828125,1560.800048828125,1590.0,9831395
2022-05-02,1412.5714111328125,1541.0,1552.75,1531.0,1550.9000244140625,7072627
2022-05-04,1407.5755615234375,1535.550048828125,1570.0,1530.1500244140625,1547.25,6220959
2022-05-05,1453.0419921875,1585.1500244140625,1589.4000244140625,1557.449951171875,1560.050048828125,6144870
2022-05-06,1414.2672119140625,1542.8499755859375,1561.8499755859375,1535.050048828125,1550.0,6171472
2022-05-09,1439.475341796875,1570.3499755859375,1586.800048828125,1522.1500244140625,1540.0,6832202
2022-05-10,1423.5712890625,1553.0,1569.1500244140625,1546.050048828125,1558.0,6212545
2022-05-11,1399.5089111328125,1526.75,1549.949951171875,1511.5999755859375,1549.949951171875,7846080
2022-05-12,1383.0550537109375,1508.800048828125,1527.5,1504.300048828125,1514.0,7034979
2022-05-13,1379.0216064453125,1504.4000244140625,1529.25,1498.0999755859375,1519.300048828125,6723761
2022-05-16,1364.9967041015625,1489.0999755859375,1511.8499755859375,1478.6500244140625,1510.0,6145331
2022-05-17,1391.90087890625,1518.449951171875,1525.0,1480.9000244140625,1494.9000244140625,6516378
2022-05-18,1383.421630859375,1509.199951171875,1549.699951171875,1505.300048828125,1522.0,6594126
2022-05-19,1308.2098388671875,1427.1500244140625,1484.699951171875,1417.6500244140625,1481.0,16561140
2022-05-20,1333.876220703125,1455.1500244140625,1466.75,1446.699951171875,1453.0,10488908
2022-05-23,1346.02197265625,1468.4000244140625,1488.0,1450.050048828125,1455.0999755859375,5887569
2022-05-24,1320.9056396484375,1441.0,1469.550048828125,1435.25,1468.5999755859375,5693167
2022-05-25,1292.9013671875,1410.449951171875,1442.5,1399.25,1435.0,9630092
2022-05-26,1305.2763671875,1423.949951171875,1430.0,1407.050048828125,1418.0,13040065
2022-05-27,1339.5595703125,1461.3499755859375,1467.0,1437.4000244140625,1443.949951171875,8284860
2022-05-30,1399.554931640625,1526.800048828125,1530.0,1485.0,1487.0,10904213
2022-05-31,1392.885009765625,1503.5999755859375,1518.0,1488.1500244140625,1510.699951171875,16033857
2022-06-01,1369.679443359375,1478.550048828125,1514.75,1472.0999755859375,1513.0,8738508
2022-06-02,1396.9610595703125,1508.0,1513.8499755859375,1475.5999755859375,1484.0,7205840
2022-06-03,1409.6522216796875,1521.699951171875,1555.0,1518.0,1524.9000244140625,9395707
2022-06-06,1417.387451171875,1530.050048828125,1536.5999755859375,1493.0,1516.0,6624883
2022-06-07,1395.7567138671875,1506.699951171875,1519.8499755859375,1502.5999755859375,1519.8499755859375,4904592
2022-06-08,1389.550048828125,1500.0,1520.199951171875,1492.0,1520.199951171875,4697608
2022-06-09,1403.4456787109375,1515.0,1516.949951171875,1481.5,1485.0,4361061
2022-06-10,1368.058349609375,1476.800048828125,1493.949951171875,1473.5999755859375,1486.0999755859375,6516436
2022-06-13,1319.609375,1424.5,1443.5999755859375,1411.699951171875,1443.5999755859375,6987685
2022-06-14,1334.4776611328125,1440.550048828125,1448.9000244140625,1403.1500244140625,1410.0,6090247
2022-06-15,1317.4786376953125,1422.199951171875,1446.4000244140625,1418.8499755859375,1440.199951171875,4651958
2022-06-16,1294.3194580078125,1397.199951171875,1443.75,1392.0,1438.0,6641772
2022-06-17,1285.1485595703125,1387.300048828125,1396.949951171875,1367.1500244140625,1391.050048828125,9692047
2022-06-20,1310.0216064453125,1414.1500244140625,1422.3499755859375,1382.0,1390.050048828125,4595194
2022-06-21,1343.13916015625,1449.9000244140625,1456.0,1422.75,1424.0,6270787
2022-06-22,1331.4205322265625,1437.25,1459.5999755859375,1435.0,1436.050048828125,6253366
2022-06-23,1345.5013427734375,1452.449951171875,1458.0,1433.0,1439.800048828125,6254281
2022-06-24,1334.987060546875,1441.0999755859375,1467.5,1428.9000244140625,1458.0,6114340
2022-06-27,1366.0203857421875,1474.5999755859375,1484.0,1465.1500244140625,1468.050048828125,4511097
2022-06-28,1371.16162109375,1480.1500244140625,1488.25,1453.0,1469.0,4412178
2022-06-29,1355.506103515625,1463.25,1477.0,1457.0,1464.699951171875,5060038
2022-06-30,1354.2554931640625,1461.9000244140625,1482.0,1455.0,1465.050048828125,9165177
2022-07-01,1370.4669189453125,1479.4000244140625,1485.0,1442.3499755859375,1454.0,4651635
2022-07-04,1378.4337158203125,1488.0,1492.25,1462.0,1480.25,4800224
2022-07-05,1367.2708740234375,1475.949951171875,1509.949951171875,1472.0,1498.800048828125,7379669
2022-07-06,1381.81494140625,1491.6500244140625,1500.0,1470.0,1482.199951171875,5209162
2022-07-07,1388.345947265625,1498.699951171875,1513.949951171875,1495.699951171875,1503.050048828125,3323472
2022-07-08,1402.9361572265625,1514.449951171875,1516.949951171875,1499.949951171875,1515.0,3652582
2022-07-11,1364.677001953125,1473.1500244140625,1499.9000244140625,1466.4000244140625,1495.0,4702638
2022-07-12,1332.671142578125,1438.5999755859375,1468.5999755859375,1436.0,1461.800048828125,4710356
2022-07-13,1338.0904541015625,1444.449951171875,1460.0,1438.5999755859375,1450.0,5264025
2022-07-14,1323.6390380859375,1428.8499755859375,1452.949951171875,1414.0,1451.0,6157606
2022-07-15,1325.0286865234375,1430.3499755859375,1446.0,1410.6500244140625,1446.0,5620018
2022-07-18,1380.1937255859375,1489.9000244140625,1493.5999755859375,1448.050048828125,1450.0,5835171
2022-07-19,1374.8671875,1484.1500244140625,1486.8499755859375,1470.0999755859375,1471.550048828125,3418540
2022-07-20,1403.7235107421875,1515.300048828125,1525.800048828125,1500.0,1501.25,5079392
2022-07-21,1420.0274658203125,1532.9000244140625,1535.449951171875,1503.0999755859375,1517.0,5008061
2022-07-22,1395.385986328125,1506.300048828125,1540.0,1492.1500244140625,1534.0,7020642
2022-07-25,1392.885009765625,1503.5999755859375,1517.1500244140625,1480.0999755859375,1480.0999755859375,7859626
2022-07-26,1344.296875,1451.1500244140625,1496.6500244140625,1445.0,1496.6500244140625,7268273
2022-07-27,1362.73193359375,1471.050048828125,1473.0,1445.0,1451.0,4517285
2022-07-28,1405.6688232421875,1517.4000244140625,1524.449951171875,1489.8499755859375,1496.4000244140625,6636841
2022-07-29,1435.5904541015625,1549.699951171875,1555.699951171875,1528.0,1532.800048828125,7009465
2022-08-01,1436.8411865234375,1551.050048828125,1564.0,1537.9000244140625,1564.0,2983249
2022-08-02,1429.9395751953125,1543.5999755859375,1547.0,1528.3499755859375,1546.550048828125,4374635
2022-08-03,1450.7828369140625,1566.0999755859375,1570.0,1539.9000244140625,1549.0,6011955
2022-08-04,1482.093994140625,1599.9000244140625,1603.8499755859375,1574.949951171875,1587.5,7402209
2022-08-05,1497.61083984375,1616.6500244140625,1625.699951171875,1602.300048828125,1608.4000244140625,5361971
2022-08-08,1500.158203125,1619.4000244140625,1622.0,1596.0,1617.0,3763409
2022-08-10,1484.4564208984375,1602.449951171875,1621.199951171875,1588.0999755859375,1621.199951171875,4423829
2022-08-11,1500.667724609375,1619.949951171875,1631.3499755859375,1616.0,1630.0,3462090
2022-08-12,1476.7213134765625,1594.0999755859375,1614.0,1590.1500244140625,1613.300048828125,3562286
2022-08-16,1478.8980712890625,1596.449951171875,1609.0,1591.0999755859375,1609.0,3004430
2022-08-17,1487.9764404296875,1606.25,1612.0,1585.0,1596.449951171875,4067324
2022-08-18,1466.3922119140625,1582.949951171875,1598.199951171875,1574.0,1594.0999755859375,4635706
2022-08-19,1479.5001220703125,1597.0999755859375,1604.9000244140625,1585.0999755859375,1585.300048828125,4739884
2022-08-22,1459.6298828125,1575.6500244140625,1599.0,1574.0,1586.0,3950555
2022-08-23,1428.8280029296875,1542.4000244140625,1554.5,1533.0,1548.0,5551574
2022-08-24,1424.2886962890625,1537.5,1546.0,1531.0,1535.0,2888426
2022-08-25,1406.363525390625,1518.1500244140625,1548.699951171875,1513.75,1548.0,4331088
2022-08-26,1409.5133056640625,1521.550048828125,1544.949951171875,1517.449951171875,1535.1500244140625,3079136
2022-08-29,1354.11669921875,1461.75,1468.550048828125,1450.0,1468.550048828125,8079050
2022-08-30,1383.01904296875,1492.949951171875,1496.0999755859375,1466.0,1473.0999755859375,6725875
2022-09-01,1356.385986328125,1464.199951171875,1468.0999755859375,1451.050048828125,1460.050048828125,8140604
2022-09-02,1346.010986328125,1453.0,1478.0,1448.0,1478.0,5175653
2022-09-05,1353.6998291015625,1461.300048828125,1467.0,1446.3499755859375,1451.0,3669352
2022-09-06,1347.956298828125,1455.0999755859375,1470.0,1445.449951171875,1461.300048828125,3428442
2022-09-07,1350.3184814453125,1457.6500244140625,1465.75,1438.050048828125,1440.0,3600574
2022-09-08,1367.224609375,1475.9000244140625,1481.0999755859375,1463.5999755859375,1475.0,4061475
2022-09-09,1400.34228515625,1511.6500244140625,1520.0,1480.0,1488.0,4816910
2022-09-12,1423.08447265625,1536.199951171875,1545.9000244140625,1521.1500244140625,1525.800048828125,5494819
2022-09-13,1431.1903076171875,1544.949951171875,1553.0,1541.300048828125,1551.9000244140625,4947158
2022-09-14,1366.761474609375,1475.4000244140625,1498.949951171875,1472.0,1497.0,14332197
2022-09-15,1327.29833984375,1432.800048828125,1475.199951171875,1429.050048828125,1475.0,12784100
2022-09-16,1275.6534423828125,1377.050048828125,1425.0,1368.3499755859375,1425.0,20464045
2022-09-19,1287.9276123046875,1390.300048828125,1406.0,1380.5999755859375,1392.0,6595241
2022-09-20,1286.3065185546875,1388.550048828125,1413.550048828125,1385.0999755859375,1407.949951171875,7219797
2022-09-21,1275.8385009765625,1377.25,1388.800048828125,1368.4000244140625,1379.9000244140625,7917054
2022-09-22,1267.223388671875,1367.949951171875,1383.949951171875,1360.0,1366.3499755859375,9168498
2022-09-23,1264.9073486328125,1365.449951171875,1394.800048828125,1362.0,1367.5,10426200
2022-09-26,1278.61767578125,1380.25,1399.449951171875,1355.0,1360.0,9414587
2022-09-27,1290.938232421875,1393.550048828125,1406.5,1378.0,1393.449951171875,8561254
2022-09-28,1292.0035400390625,1394.699951171875,1405.8499755859375,1377.0,1379.0,7022098
2022-09-29,1295.662841796875,1398.6500244140625,1409.8499755859375,1393.0,1404.9000244140625,6119965
2022-09-30,1309.372802734375,1413.449951171875,1419.300048828125,1376.0,1388.949951171875,8120130
2022-10-03,1291.12353515625,1393.75,1412.0,1386.0,1412.0,4943169
2022-10-04,1324.1485595703125,1429.4000244140625,1432.25,1414.0,1419.699951171875,6631341
2022-10-06,1348.0023193359375,1455.1500244140625,1459.800048828125,1444.0999755859375,1445.0,6180672
2022-10-07,1344.3431396484375,1451.199951171875,1457.8499755859375,1440.1500244140625,1446.3499755859375,3994466
2022-10-10,1354.9503173828125,1462.6500244140625,1465.0,1426.3499755859375,1426.3499755859375,5274677
2022-10-11,1318.9609375,1423.800048828125,1479.6500244140625,1420.0999755859375,1462.6500244140625,12824774
2022-10-12,1323.5,1428.699951171875,1441.0999755859375,1413.550048828125,1437.0,5481467
2022-10-13,1315.34814453125,1419.9000244140625,1437.949951171875,1415.0,1431.0,4821514
2022-10-14,1365.6961669921875,1474.25,1494.0,1467.25,1485.0,14990688
2022-10-17,1380.239990234375,1489.949951171875,1495.0,1475.5,1476.9000244140625,4286396
2022-10-18,1392.9776611328125,1503.699951171875,1510.949951171875,1497.25,1510.0,4692004
2022-10-19,1376.0712890625,1485.449951171875,1504.949951171875,1481.300048828125,1504.0,3553171
2022-10-20,1390.384033203125,1500.9000244140625,1504.0,1474.199951171875,1475.0,4583939
2022-10-21,1390.01318359375,1500.5,1506.0,1491.3499755859375,1500.300048828125,3594485
2022-10-24,1406.0858154296875,1517.8499755859375,1521.800048828125,1511.0,1518.5,982837
2022-10-25,1413.91357421875,1526.300048828125,1532.9000244140625,1521.050048828125,1528.0999755859375,3914341
2022-10-27,1427.1649169921875,1523.949951171875,1534.9000244140625,1512.5,1530.800048828125,6760137
2022-10-28,1417.1444091796875,1513.25,1527.949951171875,1507.0,1526.0,3053981
2022-10-31,1439.9947509765625,1537.6500244140625,1546.4000244140625,1530.25,1530.25,4542336
2022-11-01,1473.0997314453125,1573.0,1575.0,1547.0999755859375,1553.050048828125,4542692
2022-11-02,1454.65087890625,1553.300048828125,1572.75,1545.0,1572.0,2938906
2022-11-03,1433.5328369140625,1530.75,1543.9000244140625,1521.6500244140625,1538.75,3174027
2022-11-04,1417.8468017578125,1514.0,1520.449951171875,1501.1500244140625,1520.449951171875,4509682
2022-11-07,1411.712646484375,1507.449951171875,1527.9000244140625,1491.0999755859375,1521.4000244140625,4898592
2022-11-09,1415.224609375,1511.199951171875,1529.0,1501.0999755859375,1529.0,3334755
2022-11-10,1406.5621337890625,1501.949951171875,1512.0,1485.0,1485.0,3435763
2022-11-11,1470.3837890625,1570.0999755859375,1573.5,1546.6500244140625,1546.6500244140625,7214098
2022-11-14,1484.61865234375,1585.300048828125,1591.4000244140625,1568.449951171875,1575.1500244140625,4908813
2022-11-15,1492.76611328125,1594.0,1597.8499755859375,1572.75,1577.8499755859375,3497614
2022-11-16,1501.007080078125,1602.800048828125,1609.0,1593.5,1597.1500244140625,4497697
2022-11-17,1486.585205078125,1587.4000244140625,1602.800048828125,1582.949951171875,1597.199951171875,3469515
2022-11-18,1492.2041015625,1593.4000244140625,1598.0,1575.5,1591.699951171875,3126064
2022-11-21,1468.6046142578125,1568.199951171875,1587.8499755859375,1564.050048828125,1582.0999755859375,3071764
2022-11-22,1484.384521484375,1585.050048828125,1588.0,1562.0,1569.0,3399329
2022-11-23,1482.605224609375,1583.1500244140625,1592.0,1579.300048828125,1588.9000244140625,3245067
2022-11-24,1526.2923583984375,1629.800048828125,1636.0,1584.75,1589.0,5282215
2022-11-25,1531.7708740234375,1635.6500244140625,1644.0,1613.800048828125,1631.4000244140625,4563255
2022-11-28,1520.298828125,1623.4000244140625,1653.5,1620.0,1628.0,3825766
2022-11-29,1525.58984375,1629.050048828125,1638.75,1615.050048828125,1621.199951171875,3131710
2022-11-30,1531.1151123046875,1634.949951171875,1645.75,1613.1500244140625,1619.949951171875,11868134
2022-12-01,1551.858642578125,1657.0999755859375,1672.5999755859375,1652.300048828125,1656.199951171875,5407928
2022-12-02,1533.8779296875,1637.9000244140625,1661.800048828125,1633.949951171875,1656.0,4283343
2022-12-05,1535.6104736328125,1639.75,1644.8499755859375,1623.300048828125,1638.0,3824966
2022-12-06,1510.465576171875,1612.9000244140625,1626.0,1607.550048828125,1625.0,4822398
2022-12-07,1503.53564453125,1605.5,1623.800048828125,1596.699951171875,1608.0,4898087
2022-12-08,1517.2552490234375,1620.1500244140625,1623.9000244140625,1598.5,1605.5,4206837
2022-12-09,1469.6346435546875,1569.300048828125,1628.0,1561.0999755859375,1628.0,8880658
2022-12-12,1448.938232421875,1547.199951171875,1565.949951171875,1530.050048828125,1550.0,8037679
2022-12-13,1472.3035888671875,1572.1500244140625,1577.5,1541.1500244140625,1547.199951171875,6135067
2022-12-14,1479.09326171875,1579.4000244140625,1588.5,1573.0,1582.0,4976020
2022-12-15,1442.6636962890625,1540.5,1570.0,1535.25,1569.300048828125,6443866
2022-12-16,1425.52587890625,1522.199951171875,1549.5,1512.050048828125,1525.0,9630453
2022-12-19,1411.6190185546875,1507.3499755859375,1516.9000244140625,1495.050048828125,1507.949951171875,6222740
2022-12-20,1411.5723876953125,1507.300048828125,1516.0,1482.449951171875,1501.0,7396259
2022-12-21,1413.6793212890625,1509.550048828125,1521.0,1502.3499755859375,1515.0,6236361
2022-12-22,1425.385498046875,1522.050048828125,1529.949951171875,1511.75,1521.5,6302640
2022-12-23,1402.02001953125,1497.0999755859375,1509.9000244140625,1493.0,1508.699951171875,6283822
2022-12-26,1406.9833984375,1502.4000244140625,1509.9000244140625,1496.3499755859375,1500.5,4115459
2022-12-27,1418.6427001953125,1514.8499755859375,1521.449951171875,1497.5,1509.949951171875,4860076
2022-12-28,1414.2413330078125,1510.1500244140625,1524.949951171875,1498.5,1505.0999755859375,5029860
2022-12-29,1421.1712646484375,1517.550048828125,1521.300048828125,1501.0,1504.0,4624745
2022-12-30,1412.4150390625,1508.199951171875,1530.4000244140625,1504.050048828125,1528.0,5060544
2023-01-02,1427.2115478515625,1524.0,1526.5,1504.050048828125,1514.0,3801140
2023-01-03,1425.8538818359375,1522.550048828125,1532.6500244140625,1515.0999755859375,1519.8499755859375,4551130
2023-01-04,1399.8660888671875,1494.800048828125,1521.0,1491.0999755859375,1521.0,7059590
2023-01-05,1381.5108642578125,1475.199951171875,1505.9000244140625,1469.25,1505.9000244140625,9868404
2023-01-06,1356.5067138671875,1448.5,1475.0,1446.5,1470.0,6443714
2023-01-09,1390.17333984375,1484.449951171875,1489.3499755859375,1448.199951171875,1448.199951171875,11498717
2023-01-10,1376.4071044921875,1469.75,1483.9000244140625,1454.050048828125,1482.0,7158624
2023-01-11,1377.811767578125,1471.25,1494.0,1464.0,1470.0,6173092
2023-01-12,1386.56787109375,1480.5999755859375,1485.0,1455.0,1481.949951171875,6591385
2023-01-13,1408.154052734375,1503.6500244140625,1519.4000244140625,1468.0,1483.5,11610426
2023-01-16,1428.616455078125,1525.5,1528.0,1502.300048828125,1510.0,6073063
2023-01-17,1441.7271728515625,1539.5,1542.199951171875,1524.0,1527.0,5922644
2023-01-18,1447.252685546875,1545.4000244140625,1551.8499755859375,1539.5999755859375,1544.75,5843098
2023-01-19,1441.1654052734375,1538.9000244140625,1549.550048828125,1526.1500244140625,1539.9000244140625,6165284
2023-01-20,1428.663330078125,1525.550048828125,1545.0,1524.0,1538.0,6496429
2023-01-23,1449.6873779296875,1548.0,1553.300048828125,1528.0999755859375,1535.0,4855020
2023-01-24,1453.33984375,1551.9000244140625,1568.800048828125,1549.75,1560.0,5200802
2023-01-25,1445.0048828125,1543.0,1556.0,1538.75,1547.0,4158617
2023-01-27,1422.6697998046875,1519.1500244140625,1550.949951171875,1507.4000244140625,1546.0,6209955
2023-01-30,1441.07177734375,1538.800048828125,1544.0,1520.0,1528.800048828125,6964719
2023-01-31,1436.3424072265625,1533.75,1548.9000244140625,1513.0,1548.9000244140625,9448126
2023-02-01,1452.590576171875,1551.0999755859375,1555.050048828125,1528.050048828125,1542.199951171875,6194199
2023-02-02,1483.1668701171875,1583.75,1586.949951171875,1552.0,1552.0,6916834
2023-02-03,1497.822998046875,1599.4000244140625,1604.6500244140625,1573.0,1597.5,7040194
2023-02-06,1470.1497802734375,1569.8499755859375,1598.0,1561.5999755859375,1598.0,4570612
2023-02-07,1463.1728515625,1562.4000244140625,1576.050048828125,1555.0999755859375,1569.0,4336238
2023-02-08,1489.4881591796875,1590.5,1603.0,1565.5,1565.5,7983338
2023-02-09,1514.3052978515625,1617.0,1619.75,1586.050048828125,1596.199951171875,6904911
2023-02-10,1506.3919677734375,1608.550048828125,1616.300048828125,1596.449951171875,1612.949951171875,4786762
2023-02-13,1467.902099609375,1567.449951171875,1597.0,1566.0,1597.0,4001199
2023-02-14,1492.0635986328125,1593.25,1596.0,1578.1500244140625,1584.699951171875,5043736
2023-02-15,1495.622314453125,1597.050048828125,1599.0,1576.0,1584.0,3465747
2023-02-16,1500.0706787109375,1601.800048828125,1614.449951171875,1597.8499755859375,1600.0,4290289
2023-02-17,1483.2137451171875,1583.800048828125,1595.0,1575.5,1594.0,2857734
2023-02-20,1491.3143310546875,1592.449951171875,1603.0,1582.5,1584.949951171875,2417716
2023-02-21,1479.1868896484375,1579.5,1601.6500244140625,1576.0,1598.699951171875,2723288
2023-02-22,1462.6109619140625,1561.800048828125,1575.0,1555.300048828125,1563.0,3656244
2023-02-23,1452.2158203125,1550.699951171875,1569.8499755859375,1548.1500244140625,1569.8499755859375,4766854
2023-02-24,1452.1690673828125,1550.6500244140625,1569.0,1545.0,1560.0,2790986
2023-02-27,1413.4451904296875,1509.300048828125,1540.0,1502.0,1540.0,4920268
2023-02-28,1393.07666015625,1487.550048828125,1524.0,1481.300048828125,1515.5999755859375,9679811
2023-03-01,1401.036865234375,1496.050048828125,1500.8499755859375,1481.5,1492.4000244140625,5125043
2023-03-02,1378.654541015625,1472.1500244140625,1488.5999755859375,1467.300048828125,1485.0,4644499
2023-03-03,1385.3504638671875,1479.300048828125,1489.800048828125,1473.0,1486.75,4615015
2023-03-06,1411.712646484375,1507.449951171875,1520.4000244140625,1493.1500244140625,1494.550048828125,6561742
2023-03-08,1397.8994140625,1492.699951171875,1496.0,1481.0999755859375,1490.550048828125,4137080
2023-03-09,1386.380615234375,1480.4000244140625,1498.3499755859375,1474.5999755859375,1495.0,5104656
2023-03-10,1378.0927734375,1471.550048828125,1474.300048828125,1457.6500244140625,1460.0,3699580
2023-03-13,1343.957763671875,1435.0999755859375,1478.300048828125,1428.0,1464.199951171875,8798403
2023-03-14,1329.8167724609375,1420.0,1448.3499755859375,1411.0,1441.0,7402784
2023-03-15,1329.4888916015625,1419.6500244140625,1442.8499755859375,1416.8499755859375,1438.0,7556182
2023-03-16,1314.9263916015625,1404.0999755859375,1417.800048828125,1398.699951171875,1417.800048828125,7323117
2023-03-17,1330.4720458984375,1420.699951171875,1442.9000244140625,1411.4000244140625,1430.0,9090018
2023-03-20,1314.5048828125,1403.6500244140625,1419.699951171875,1384.8499755859375,1419.699951171875,8221829
2023-03-21,1302.3773193359375,1390.699951171875,1405.0,1390.0,1399.0,8536755
2023-03-22,1301.0194091796875,1389.25,1407.25,1382.1500244140625,1403.0,8356487
2023-03-23,1287.2530517578125,1374.550048828125,1383.949951171875,1370.0,1383.949951171875,7607718
2023-03-24,1292.9656982421875,1380.6500244140625,1398.949951171875,1377.5,1388.0,7559127
2023-03-27,1300.7386474609375,1388.949951171875,1395.75,1374.0999755859375,1386.25,4170193
2023-03-28,1290.109375,1377.5999755859375,1398.0,1375.8499755859375,1392.0999755859375,6633366
2023-03-29,1295.6815185546875,1383.550048828125,1389.9000244140625,1364.550048828125,1379.0,8813966
2023-03-31,1337.2615966796875,1427.949951171875,1429.949951171875,1393.9000244140625,1404.0,8711975
2023-04-03,1321.24755859375,1410.8499755859375,1435.0,1405.1500244140625,1435.0,5242764
2023-04-05,1333.14111328125,1423.550048828125,1427.5,1400.0,1400.0,7506334
2023-04-06,1331.595947265625,1421.9000244140625,1428.4000244140625,1410.3499755859375,1416.0,6948465
2023-04-10,1336.933837890625,1427.5999755859375,1434.0,1415.0,1423.949951171875,4993788
2023-04-11,1316.84619140625,1406.1500244140625,1433.3499755859375,1389.0,1428.9000244140625,6942255
2023-04-12,1337.589599609375,1428.300048828125,1431.5,1400.0,1413.050048828125,5831169
2023-04-13,1300.9727783203125,1389.199951171875,1411.050048828125,1383.0,1409.75,11267238
2023-04-17,1178.3861083984375,1258.300048828125,1261.1500244140625,1185.300048828125,1250.300048828125,53171705
2023-04-18,1179.369384765625,1259.3499755859375,1269.949951171875,1253.0999755859375,1269.949951171875,12430884
2023-04-19,1153.9437255859375,1232.199951171875,1254.3499755859375,1229.4000244140625,1254.3499755859375,11307230
2023-04-20,1145.7025146484375,1223.4000244140625,1237.8499755859375,1221.4000244140625,1230.699951171875,8621249
2023-04-21,1149.4017333984375,1227.3499755859375,1233.25,1220.0,1228.0999755859375,8691352
2023-04-24,1148.41845703125,1226.300048828125,1230.0,1218.0,1228.0,8313774
2023-04-25,1147.1072998046875,1224.9000244140625,1235.5,1215.0,1225.949951171875,6808576
2023-04-26,1149.589111328125,1227.550048828125,1233.0,1220.550048828125,1228.0,5680192
2023-04-27,1167.1014404296875,1246.25,1247.800048828125,1225.4000244140625,1230.0,8020704
2023-04-28,1173.1885986328125,1252.75,1259.0,1244.949951171875,1255.699951171875,10118277
2023-05-02,1196.31982421875,1277.449951171875,1279.75,1254.550048828125,1254.550048828125,8886401
2023-05-03,1188.5469970703125,1269.1500244140625,1272.5,1262.0999755859375,1266.0,5549783
2023-05-04,1192.667724609375,1273.550048828125,1275.800048828125,1262.5,1268.949951171875,4505401
2023-05-05,1179.13525390625,1259.0999755859375,1279.0,1254.25,1279.0,5373791
2023-05-08,1185.2225341796875,1265.5999755859375,1270.300048828125,1255.199951171875,1262.449951171875,5260842
2023-05-09,1189.99853515625,1270.699951171875,1272.0,1260.699951171875,1266.0,4969897
2023-05-10,1183.021728515625,1263.25,1276.4000244140625,1259.1500244140625,1276.4000244140625,6515734
2023-05-11,1176.3258056640625,1256.0999755859375,1275.9000244140625,1253.050048828125,1270.25,6888461
2023-05-12,1166.1180419921875,1245.199951171875,1256.0,1239.050048828125,1253.3499755859375,8292212
2023-05-15,1178.432861328125,1258.3499755859375,1268.9000244140625,1245.6500244140625,1249.9000244140625,5534710
2023-05-16,1184.005126953125,1264.300048828125,1273.949951171875,1262.75,1265.0,5236469
2023-05-17,1167.7100830078125,1246.9000244140625,1260.949951171875,1242.449951171875,1260.5999755859375,10465667
2023-05-18,1166.8671875,1246.0,1259.6500244140625,1242.449951171875,1258.5999755859375,6948732
2023-05-19,1188.31298828125,1268.9000244140625,1273.300048828125,1252.800048828125,1256.050048828125,11094136
2023-05-22,1210.6951904296875,1292.800048828125,1295.5999755859375,1270.25,1272.949951171875,7625947
2023-05-23,1217.484619140625,1300.050048828125,1314.1500244140625,1297.050048828125,1299.199951171875,7436031
2023-05-24,1216.173583984375,1298.6500244140625,1305.0,1291.300048828125,1296.300048828125,4824077
2023-05-25,1221.5115966796875,1304.3499755859375,1307.0,1289.25,1294.5,4334121
2023-05-26,1233.7794189453125,1317.449951171875,1323.449951171875,1306.0,1306.0,5521606
2023-05-29,1230.923095703125,1314.4000244140625,1332.699951171875,1309.8499755859375,1332.699951171875,4419365
2023-05-30,1239.77294921875,1323.8499755859375,1326.4000244140625,1309.1500244140625,1315.0,6274719
2023-05-31,1234.575439453125,1318.300048828125,1331.0999755859375,1314.1500244140625,1319.8499755859375,17800782
2023-06-01,1235.6993408203125,1319.5,1329.5,1318.0999755859375,1322.550048828125,4277841
2023-06-02,1232.85205078125,1299.0,1312.9000244140625,1296.050048828125,1309.0,10909311
2023-06-05,1238.0721435546875,1304.5,1309.449951171875,1297.300048828125,1304.0,5002553
2023-06-06,1213.87060546875,1279.0,1288.5999755859375,1273.0,1288.5999755859375,10008100
2023-06-07,1223.3138427734375,1288.949951171875,1294.0,1282.5,1290.5,5397578
2023-06-08,1217.47705078125,1282.800048828125,1292.0,1281.0999755859375,1286.199951171875,5034942
2023-06-09,1201.4849853515625,1265.949951171875,1282.5,1264.0,1282.5,5339073
2023-06-12,1226.1610107421875,1291.949951171875,1295.699951171875,1273.0,1273.5,4785588
2023-06-13,1238.404296875,1304.8499755859375,1306.5,1297.050048828125,1299.9000244140625,4846587
2023-06-14,1234.1807861328125,1300.4000244140625,1306.699951171875,1293.199951171875,1306.3499755859375,3457981
2023-06-15,1221.2734375,1286.800048828125,1293.949951171875,1282.6500244140625,1293.949951171875,6161155
2023-06-16,1225.87646484375,1291.6500244140625,1301.5,1281.050048828125,1287.0,8536287
2023-06-19,1228.106689453125,1294.0,1299.5,1287.050048828125,1294.0,4451787
2023-06-20,1237.0279541015625,1303.4000244140625,1305.0,1291.0999755859375,1294.0,4009180
2023-06-21,1233.184326171875,1299.3499755859375,1303.800048828125,1295.0,1299.949951171875,4041529
2023-06-22,1216.290771484375,1281.550048828125,1289.4000244140625,1273.5,1289.4000244140625,6676607
2023-06-23,1200.58349609375,1265.0,1279.3499755859375,1263.3499755859375,1276.449951171875,7239467
2023-06-26,1205.660888671875,1270.3499755859375,1274.0,1262.25,1270.25,3403244
2023-06-27,1214.012939453125,1279.1500244140625,1282.0,1274.199951171875,1280.0,3240024
2023-06-28,1227.4898681640625,1293.3499755859375,1296.699951171875,1281.4000244140625,1290.0,5662358
2023-06-30,1267.4935302734375,1335.5,1338.9000244140625,1304.449951171875,1308.199951171875,12821692
2023-07-03,1265.7850341796875,1333.699951171875,1346.0,1328.449951171875,1330.0,7732412
2023-07-04,1276.652099609375,1345.1500244140625,1346.0,1331.4000244140625,1344.300048828125,5797775
2023-07-05,1278.692626953125,1347.300048828125,1357.949951171875,1341.0,1357.8499755859375,5414936
2023-07-06,1275.4656982421875,1343.9000244140625,1347.449951171875,1337.1500244140625,1342.550048828125,5963897
2023-07-07,1262.4632568359375,1330.199951171875,1345.800048828125,1325.3499755859375,1334.0,6295647
2023-07-10,1261.4666748046875,1329.1500244140625,1341.9000244140625,1319.300048828125,1336.550048828125,3940315
2023-07-11,1279.9263916015625,1348.5999755859375,1350.9000244140625,1327.0,1333.449951171875,6126128
2023-07-12,1265.4053955078125,1333.300048828125,1351.9000244140625,1327.0,1351.0,8102770
2023-07-13,1295.5860595703125,1365.0999755859375,1376.800048828125,1330.8499755859375,1334.9000244140625,9977644
2023-07-14,1353.3375244140625,1425.949951171875,1430.0,1380.6500244140625,1380.6500244140625,12833381
2023-07-17,1350.490234375,1422.949951171875,1458.949951171875,1414.300048828125,1425.949951171875,11569884
2023-07-18,1400.07958984375,1475.199951171875,1477.949951171875,1429.0,1434.0,16743977
2023-07-19,1399.8424072265625,1474.949951171875,1498.800048828125,1460.699951171875,1486.0,13687062
2023-07-20,1375.6884765625,1449.5,1471.0,1440.699951171875,1471.0,8347221
2023-07-21,1263.7921142578125,1331.5999755859375,1350.0,1305.0,1320.199951171875,45548305
2023-07-24,1268.537353515625,1336.5999755859375,1349.9000244140625,1334.25,1341.0,8859789
2023-07-25,1266.639404296875,1334.5999755859375,1342.8499755859375,1324.25,1337.0,6801982
2023-07-26,1280.1636962890625,1348.8499755859375,1350.0,1339.4000244140625,1343.0,5528885
2023-07-27,1284.2447509765625,1353.1500244140625,1363.800048828125,1347.050048828125,1358.5999755859375,9191861
2023-07-28,1272.2388916015625,1340.5,1363.8499755859375,1336.0,1353.8499755859375,6122735
2023-07-31,1286.664794921875,1355.699951171875,1357.5,1333.25,1348.75,7902180
2023-08-01,1295.6810302734375,1365.199951171875,1369.0,1357.0,1362.0,6064652
2023-08-02,1287.75634765625,1356.8499755859375,1371.949951171875,1348.449951171875,1369.300048828125,7419145
2023-08-03,1294.8270263671875,1364.300048828125,1366.550048828125,1349.0,1350.0,6503741
2023-08-04,1308.1614990234375,1378.3499755859375,1385.9000244140625,1362.0,1368.9000244140625,5712345
2023-08-07,1322.0655517578125,1393.0,1395.0,1377.0,1387.9000244140625,3729093
2023-08-08,1319.407958984375,1390.199951171875,1393.550048828125,1384.4000244140625,1392.8499755859375,4161877
2023-08-09,1323.3941650390625,1394.4000244140625,1396.0,1382.5,1384.0,4090828
2023-08-10,1318.364013671875,1389.0999755859375,1395.800048828125,1385.5999755859375,1391.5999755859375,3873025
2023-08-11,1301.992431640625,1371.8499755859375,1396.8499755859375,1367.050048828125,1392.0,5783517
2023-08-14,1322.5875244140625,1393.550048828125,1395.0,1365.5999755859375,1371.8499755859375,4304135
2023-08-16,1346.266845703125,1418.5,1419.949951171875,1405.4000244140625,1410.800048828125,7735313
2023-08-17,1339.6710205078125,1411.550048828125,1420.0,1406.0,1420.0,5618346
2023-08-18,1318.079345703125,1388.800048828125,1408.699951171875,1386.1500244140625,1403.699951171875,5134103
2023-08-21,1333.8341064453125,1405.4000244140625,1407.0,1387.1500244140625,1389.75,3032722
2023-08-22,1332.26806640625,1403.75,1406.050048828125,1396.6500244140625,1404.699951171875,2890714
2023-08-23,1336.2540283203125,1407.949951171875,1416.5999755859375,1405.6500244140625,1416.0,2559125
2023-08-24,1351.107177734375,1423.5999755859375,1425.050048828125,1414.449951171875,1421.5,5171963
2023-08-25,1347.785400390625,1420.0999755859375,1422.5,1411.4000244140625,1413.0,4307172
2023-08-28,1343.56201171875,1415.6500244140625,1424.800048828125,1411.4000244140625,1420.0999755859375,3133464
2023-08-29,1345.4603271484375,1417.6500244140625,1424.4000244140625,1415.300048828125,1424.0,3074444
2023-08-30,1362.069091796875,1435.1500244140625,1436.6500244140625,1424.0,1427.0,3070887
2023-08-31,1362.3536376953125,1435.449951171875,1444.9000244140625,1428.6500244140625,1435.1500244140625,9792735
2023-09-01,1370.325927734375,1443.8499755859375,1446.0,1428.199951171875,1430.949951171875,3582133
2023-09-04,1390.493896484375,1465.0999755859375,1470.0,1434.699951171875,1443.0,4609014
2023-09-05,1403.5911865234375,1478.9000244140625,1480.050048828125,1456.5,1465.0,5496840
2023-09-06,1402.2149658203125,1477.449951171875,1482.9000244140625,1463.300048828125,1481.9000244140625,5075786
2023-09-07,1391.537841796875,1466.199951171875,1473.4000244140625,1462.050048828125,1470.5999755859375,4411743
2023-09-08,1394.7647705078125,1469.5999755859375,1474.75,1460.199951171875,1463.5,3125838
2023-09-11,1401.2659912109375,1476.449951171875,1478.050048828125,1464.5,1469.5999755859375,4182226
2023-09-12,1424.66064453125,1501.0999755859375,1504.0,1477.0999755859375,1482.5,6793161
2023-09-13,1422.05078125,1498.3499755859375,1505.0,1488.6500244140625,1505.0,4804686
2023-09-14,1430.2127685546875,1506.949951171875,1512.550048828125,1499.1500244140625,1505.0,6444213
2023-09-15,1434.6259765625,1511.5999755859375,1518.4000244140625,1509.0,1518.0,8657816
2023-09-18,1415.8343505859375,1491.800048828125,1504.9000244140625,1488.0,1504.9000244140625,3991916
2023-09-20,1414.36328125,1490.25,1495.0999755859375,1476.199951171875,1476.199951171875,4169337
2023-09-21,1425.2777099609375,1501.75,1504.550048828125,1476.0,1486.550048828125,6779195
2023-09-22,1419.9627685546875,1496.1500244140625,1506.949951171875,1485.199951171875,1491.9000244140625,5455613
2023-09-25,1399.0831298828125,1474.1500244140625,1489.8499755859375,1471.550048828125,1489.8499755859375,4217863
2023-09-26,1386.2706298828125,1460.6500244140625,1479.9000244140625,1459.0,1479.1500244140625,3996528
2023-09-27,1392.2972412109375,1467.0,1469.5999755859375,1450.050048828125,1456.0,3863586
2023-09-28,1366.1500244140625,1439.449951171875,1472.5999755859375,1435.0,1467.9000244140625,5814602
2023-09-29,1362.3536376953125,1435.449951171875,1446.800048828125,1416.0,1432.0999755859375,6068968
2023-10-03,1360.9776611328125,1434.0,1437.0,1420.300048828125,1436.050048828125,4181867
2023-10-04,1370.800537109375,1444.3499755859375,1449.949951171875,1418.199951171875,1425.0,4510406
2023-10-05,1388.927978515625,1463.449951171875,1475.6500244140625,1450.199951171875,1452.0,7384621
2023-10-06,1403.4012451171875,1478.699951171875,1484.5,1463.300048828125,1469.5,3598672
2023-10-09,1400.31689453125,1475.449951171875,1491.0,1462.199951171875,1464.9000244140625,3567552
2023-10-10,1419.0137939453125,1495.1500244140625,1497.0,1469.0999755859375,1483.9000244140625,5688951
2023-10-11,1418.3018798828125,1494.4000244140625,1518.25,1481.449951171875,1497.0,7220129
2023-10-12,1390.8736572265625,1465.5,1504.4000244140625,1452.0,1491.9000244140625,11081662
2023-10-13,1358.272705078125,1431.1500244140625,1438.0,1400.0,1405.0,17973439
2023-10-16,1361.1201171875,1434.1500244140625,1443.5999755859375,1430.0,1432.0999755859375,4850745
2023-10-17,1368.997314453125,1442.449951171875,1453.3499755859375,1438.050048828125,1440.25,3923764
2023-10-18,1367.194091796875,1440.550048828125,1454.0,1438.3499755859375,1442.0,4264837
2023-10-19,1360.6455078125,1433.6500244140625,1439.6500244140625,1426.0999755859375,1426.0999755859375,6795691
2023-10-20,1354.5714111328125,1427.25,1438.5,1425.25,1430.0,3928622
2023-10-23,1336.918701171875,1408.6500244140625,1432.3499755859375,1405.25,1425.5999755859375,2636516
2023-10-25,1317.114501953125,1370.050048828125,1402.550048828125,1361.300048828125,1399.0,6940777
2023-10-26,1306.9239501953125,1359.449951171875,1374.0,1353.0999755859375,1355.050048828125,6357656
2023-10-27,1327.016357421875,1380.3499755859375,1385.0,1363.6500244140625,1363.6500244140625,4634358
2023-10-30,1323.843994140625,1377.050048828125,1380.3499755859375,1363.0999755859375,1380.3499755859375,2667696
2023-10-31,1315.5281982421875,1368.4000244140625,1381.1500244140625,1363.0,1379.949951171875,3451595
2023-11-01,1301.828857421875,1354.1500244140625,1377.449951171875,1351.6500244140625,1373.050048828125,3090672
2023-11-02,1317.2105712890625,1370.1500244140625,1376.300048828125,1361.6500244140625,1370.0,3758060
2023-11-03,1335.3802490234375,1389.050048828125,1392.0,1377.75,1380.050048828125,3349045
2023-11-06,1349.0797119140625,1403.300048828125,1407.25,1390.800048828125,1393.9000244140625,2736381
2023-11-07,1350.0411376953125,1404.300048828125,1405.9000244140625,1394.8499755859375,1400.0,2272209
2023-11-08,1337.2548828125,1391.0,1405.0,1386.449951171875,1405.0,3550635
2023-11-09,1321.680908203125,1374.800048828125,1397.5,1370.050048828125,1395.9000244140625,5498051
2023-11-10,1315.9608154296875,1368.8499755859375,1373.1500244140625,1361.0,1369.949951171875,2943649
2023-11-13,1320.4791259765625,1373.550048828125,1382.449951171875,1370.8499755859375,1379.8499755859375,3462092
2023-11-15,1356.00146484375,1410.5,1414.0,1393.0,1399.0,8551860
2023-11-16,1389.0723876953125,1444.9000244140625,1453.4000244140625,1410.5999755859375,1416.0999755859375,6673907
2023-11-17,1382.00634765625,1437.550048828125,1451.0,1435.050048828125,1441.050048828125,4901251
2023-11-20,1381.0928955078125,1436.5999755859375,1452.0,1433.6500244140625,1442.0,3584210
2023-11-21,1383.4002685546875,1439.0,1450.0,1436.75,1442.0,3793135
2023-11-22,1401.4739990234375,1457.800048828125,1458.949951171875,1436.199951171875,1436.199951171875,3108786
2023-11-23,1393.25439453125,1449.25,1467.9000244140625,1447.699951171875,1467.9000244140625,3186928
2023-11-24,1381.8623046875,1437.4000244140625,1452.6500244140625,1433.8499755859375,1445.550048828125,2973195
2023-11-28,1386.957275390625,1442.699951171875,1445.0,1427.050048828125,1444.0,3755373
2023-11-29,1403.2044677734375,1459.5999755859375,1460.699951171875,1449.800048828125,1451.0999755859375,3875778
2023-11-30,1398.9263916015625,1455.1500244140625,1460.6500244140625,1449.550048828125,1453.25,10120867
2023-12-01,1396.1864013671875,1452.300048828125,1459.9000244140625,1446.1500244140625,1459.9000244140625,3489187
2023-12-04,1407.770751953125,1464.3499755859375,1471.9000244140625,1449.300048828125,1460.449951171875,5511948
2023-12-05,1397.7725830078125,1453.949951171875,1466.9000244140625,1442.0,1465.800048828125,5123039
2023-12-06,1417.33642578125,1474.300048828125,1477.0,1451.050048828125,1456.75,5269178
2023-12-07,1409.260986328125,1465.9000244140625,1472.8499755859375,1461.800048828125,1472.8499755859375,4424453
2023-12-08,1433.535400390625,1491.1500244140625,1494.699951171875,1466.25,1470.4000244140625,6323433
2023-12-11,1430.9876708984375,1488.5,1498.0,1482.0,1490.0,3862018
2023-12-12,1419.018798828125,1476.050048828125,1490.0,1467.6500244140625,1477.5,6103494
2023-12-13,1393.013916015625,1449.0,1476.050048828125,1433.1500244140625,1476.0,8549258
2023-12-14,1443.4373779296875,1501.449951171875,1511.0,1461.3499755859375,1463.4000244140625,12489858
2023-12-15,1517.414306640625,1578.4000244140625,1588.550048828125,1521.0,1523.050048828125,18395389
2023-12-18,1503.9071044921875,1564.3499755859375,1593.0,1560.300048828125,1567.949951171875,6467243
2023-12-19,1498.0908203125,1558.300048828125,1573.949951171875,1543.25,1570.0999755859375,4221721
2023-12-20,1477.037109375,1536.4000244140625,1583.5,1530.0,1565.050048828125,6592367
2023-12-21,1476.6524658203125,1536.0,1546.6500244140625,1521.25,1521.25,5319038
2023-12-22,1502.51318359375,1562.9000244140625,1566.0,1523.0,1534.949951171875,6741060
2023-12-26,1484.2952880859375,1543.949951171875,1548.0,1523.0,1535.0,6878067
2023-12-27,1506.55078125,1567.0999755859375,1570.0,1544.0,1544.0,4225849
2023-12-28,1502.2728271484375,1562.6500244140625,1568.949951171875,1555.0,1568.949951171875,5702253
2023-12-29,1483.285888671875,1542.9000244140625,1559.449951171875,1540.0,1541.050048828125,4388990
2024-01-01,1491.409423828125,1551.3499755859375,1557.0,1535.25,1539.0,2808451
2024-01-02,1475.1142578125,1534.4000244140625,1549.1500244140625,1523.0,1546.0,5396313
2024-01-03,1432.4298095703125,1490.0,1519.949951171875,1488.0,1519.949951171875,7550363
2024-01-04,1454.252685546875,1512.699951171875,1519.75,1492.9000244140625,1504.949951171875,7056038
2024-01-05,1473.335693359375,1532.550048828125,1539.699951171875,1506.25,1506.75,8895403
2024-01-08,1463.962646484375,1522.800048828125,1536.0,1513.25,1528.949951171875,4440136
2024-01-09,1470.21142578125,1529.300048828125,1553.0,1525.8499755859375,1541.9000244140625,4412074
2024-01-10,1461.174560546875,1519.9000244140625,1535.449951171875,1505.0,1524.949951171875,4096845
2024-01-11,1436.4674072265625,1494.199951171875,1525.0,1486.5999755859375,1524.9000244140625,11296088
2024-01-12,1550.43701171875,1612.75,1618.0,1555.4000244140625,1562.0,26754401
2024-01-15,1588.2666015625,1652.0999755859375,1664.949951171875,1636.0,1644.949951171875,13228305
2024-01-16,1568.5106201171875,1631.550048828125,1648.5,1625.0,1644.800048828125,6500917
2024-01-17,1576.826416015625,1640.199951171875,1647.5,1620.25,1620.25,9209876
2024-01-18,1579.1336669921875,1642.5999755859375,1649.0,1628.25,1642.6500244140625,6375464
2024-01-19,1595.09228515625,1659.199951171875,1665.5,1644.1500244140625,1651.5999755859375,4522736
2024-01-23,1578.7010498046875,1642.1500244140625,1674.699951171875,1637.699951171875,1650.0999755859375,9401255
2024-01-24,1610.6663818359375,1675.4000244140625,1680.0,1645.0,1659.9000244140625,8999681
2024-01-25,1604.60986328125,1669.0999755859375,1680.550048828125,1658.0,1672.949951171875,8865304
2024-01-29,1592.5927734375,1656.5999755859375,1679.3499755859375,1647.5999755859375,1665.1500244140625,4253785
2024-01-30,1587.6416015625,1651.449951171875,1690.0,1648.25,1662.449951171875,4995943
2024-01-31,1596.7266845703125,1660.9000244140625,1667.25,1638.0999755859375,1648.25,6763779
2024-02-01,1593.025390625,1657.050048828125,1677.0,1650.3499755859375,1659.550048828125,5760011
2024-02-02,1627.9227294921875,1693.3499755859375,1718.5,1665.0,1666.050048828125,7858483
2024-02-05,1622.010498046875,1687.199951171875,1700.75,1681.8499755859375,1694.75,3634135
2024-02-06,1662.6280517578125,1729.449951171875,1733.0,1673.949951171875,1686.75,7694265
2024-02-07,1628.307373046875,1693.75,1729.0,1686.8499755859375,1729.0,4613877
2024-02-08,1626.7210693359375,1692.0999755859375,1706.3499755859375,1682.800048828125,1698.0,5919715
2024-02-09,1604.85009765625,1669.3499755859375,1692.9000244140625,1659.800048828125,1684.699951171875,4600004
2024-02-12,1615.1846923828125,1680.0999755859375,1692.949951171875,1670.3499755859375,1670.3499755859375,3555808
2024-02-13,1619.462890625,1684.550048828125,1689.0999755859375,1663.5,1683.0,2696481
2024-02-14,1601.82177734375,1666.199951171875,1669.449951171875,1635.5,1660.199951171875,3768579
2024-02-15,1611.5797119140625,1676.3499755859375,1687.75,1661.5999755859375,1677.0,4834391
2024-02-16,1635.902099609375,1701.6500244140625,1709.0,1687.949951171875,1689.0,4880654
2024-02-19,1634.0755615234375,1699.75,1711.5,1687.699951171875,1705.0,3690993
2024-02-20,1620.1358642578125,1685.25,1694.25,1668.75,1685.0,3706389
2024-02-21,1591.58349609375,1655.550048828125,1674.0,1645.300048828125,1674.0,4300508
2024-02-22,1616.3863525390625,1681.3499755859375,1684.5999755859375,1644.4000244140625,1665.0,5841277
2024-02-23,1612.0604248046875,1676.8499755859375,1698.449951171875,1671.9000244140625,1697.0,5373072
2024-02-26,1596.005615234375,1660.1500244140625,1674.949951171875,1645.0,1674.949951171875,2782438
2024-02-27,1599.322265625,1663.5999755859375,1671.0999755859375,1652.800048828125,1661.0,5159088
2024-02-28,1606.6767578125,1671.25,1687.800048828125,1662.050048828125,1670.0,3188916
2024-02-29,1609.224365234375,1673.9000244140625,1682.25,1653.300048828125,1665.0,7814722
2024-03-01,1590.76611328125,1654.699951171875,1671.949951171875,1651.0,1669.0,6387291
2024-03-04,1573.9422607421875,1637.199951171875,1664.449951171875,1633.6500244140625,1657.8499755859375,4445156
2024-03-05,1544.4285888671875,1606.5,1637.3499755859375,1602.0,1634.0,4596579
2024-03-06,1555.051513671875,1617.550048828125,1620.1500244140625,1576.0,1602.800048828125,6420684
2024-03-07,1553.994140625,1616.449951171875,1628.449951171875,1604.199951171875,1616.5999755859375,6348359
2024-03-11,1538.7564697265625,1600.5999755859375,1613.800048828125,1588.0,1608.1500244140625,6752895
2024-03-12,1550.6292724609375,1612.949951171875,1625.0,1597.6500244140625,1600.0,4614222
2024-03-13,1549.1392822265625,1611.4000244140625,1624.5,1598.550048828125,1612.9000244140625,5688997
2024-03-14,1589.42041015625,1653.300048828125,1657.75,1608.0,1614.4000244140625,8803799
2024-03-15,1570.865966796875,1634.0,1645.800048828125,1618.3499755859375,1641.0999755859375,11809997
2024-03-18,1540.727294921875,1602.6500244140625,1632.6500244140625,1598.8499755859375,1630.0,4958904
2024-03-19,1501.1190185546875,1561.449951171875,1599.0,1558.0,1592.3499755859375,6870411
2024-03-20,1494.8702392578125,1554.949951171875,1574.949951171875,1552.3499755859375,1563.0,4759059
2024-03-21,1494.6298828125,1554.699951171875,1576.949951171875,1543.4000244140625,1564.0,11062497
2024-03-22,1450.551513671875,1508.8499755859375,1528.9000244140625,1498.199951171875,1521.0,14673890
2024-03-26,1434.9774169921875,1492.6500244140625,1507.449951171875,1487.9000244140625,1492.0,8351081
2024-03-27,1426.517333984375,1483.8499755859375,1499.0,1481.550048828125,1496.0,6857402
2024-03-28,1440.1688232421875,1498.050048828125,1511.800048828125,1487.1500244140625,1487.1500244140625,12499530
2024-04-01,1437.669189453125,1495.449951171875,1529.949951171875,1492.800048828125,1525.0,6580002
2024-04-02,1425.5560302734375,1482.8499755859375,1493.1500244140625,1480.8499755859375,1484.8499755859375,7279400
2024-04-03,1423.4410400390625,1480.6500244140625,1495.0999755859375,1475.0,1479.0,8736248
2024-04-04,1429.25732421875,1486.699951171875,1495.6500244140625,1468.0,1490.550048828125,11186915
2024-04-05,1421.9508056640625,1479.0999755859375,1486.699951171875,1476.050048828125,1480.050048828125,5072482
2024-04-08,1419.6435546875,1476.699951171875,1490.949951171875,1474.0999755859375,1483.0,6610887
2024-04-09,1437.0924072265625,1494.8499755859375,1513.800048828125,1487.300048828125,1490.0,9423230
2024-04-10,1448.5806884765625,1506.800048828125,1509.8499755859375,1484.550048828125,1500.3499755859375,6744595
2024-04-12,1427.3826904296875,1484.75,1506.800048828125,1479.5,1504.0,12275616
2024-04-15,1411.424072265625,1468.1500244140625,1491.949951171875,1461.050048828125,1480.0,8531224
2024-04-16,1359.7989501953125,1414.449951171875,1455.1500244140625,1413.050048828125,1451.0,16173541
2024-04-18,1364.4134521484375,1419.25,1444.699951171875,1407.5,1421.0999755859375,22107945
2024-04-19,1356.722412109375,1411.25,1426.8499755859375,1378.75,1385.0,20603621
2024-04-22,1377.391845703125,1432.75,1436.8499755859375,1413.050048828125,1419.9000244140625,5859087
2024-04-23,1386.6689453125,1442.4000244140625,1446.8499755859375,1433.0,1443.0,4856174
2024-04-24,1375.4691162109375,1430.75,1444.300048828125,1427.050048828125,1444.300048828125,4268213
2024-04-25,1382.8714599609375,1438.449951171875,1444.9000244140625,1420.0,1420.0,9089398
2024-04-26,1374.9884033203125,1430.25,1445.4000244140625,1427.0,1439.699951171875,8062444
2024-04-29,1379.3145751953125,1434.75,1439.800048828125,1428.25,1429.949951171875,5055957
2024-04-30,1365.663330078125,1420.550048828125,1436.550048828125,1417.550048828125,1434.699951171875,6936588
2024-05-02,1359.7989501953125,1414.449951171875,1424.0,1411.8499755859375,1413.0,10076354
2024-05-03,1361.577392578125,1416.300048828125,1424.800048828125,1403.199951171875,1422.0999755859375,8842345
2024-05-06,1370.806640625,1425.9000244140625,1445.699951171875,1417.0999755859375,1420.0,6445422
2024-05-07,1385.27490234375,1440.949951171875,1443.3499755859375,1415.5999755859375,1424.949951171875,6080661
2024-05-08,1372.1524658203125,1427.300048828125,1439.75,1425.5999755859375,1435.25,6234983
2024-05-09,1383.92919921875,1439.550048828125,1449.949951171875,1424.8499755859375,1427.550048828125,6088406
2024-05-10,1369.8450927734375,1424.9000244140625,1435.949951171875,1413.0,1435.050048828125,8777481
2024-05-13,1368.4510498046875,1423.449951171875,1425.0,1411.199951171875,1425.0,3735954
2024-05-14,1369.6527099609375,1424.699951171875,1433.75,1418.050048828125,1426.4000244140625,3463230
2024-05-15,1365.0863037109375,1419.949951171875,1431.800048828125,1418.550048828125,1426.0,4327544
2024-05-16,1397.19580078125,1453.3499755859375,1455.75,1427.0,1433.949951171875,9249145
2024-05-17,1388.49560546875,1444.300048828125,1457.0,1439.25,1457.0,7542860
2024-05-21,1378.73779296875,1434.1500244140625,1444.699951171875,1428.4000244140625,1430.0,6752663
2024-05-22,1398.58984375,1454.800048828125,1459.949951171875,1428.0,1428.75,7173285
2024-05-23,1415.509765625,1472.4000244140625,1478.1500244140625,1450.0,1454.699951171875,8641428
2024-05-24,1408.4918212890625,1465.0999755859375,1475.5,1460.0,1468.25,5277938
2024-05-27,1414.5003662109375,1471.3499755859375,1479.5999755859375,1460.25,1471.8499755859375,5821844
2024-05-28,1410.3665771484375,1467.050048828125,1476.0,1460.300048828125,1475.5,6186922
2024-05-29,1394.8885498046875,1450.949951171875,1465.5,1450.0,1465.4000244140625,7401634
2024-05-30,1372.296630859375,1427.449951171875,1449.8499755859375,1421.550048828125,1442.800048828125,9663150
2024-05-31,1371.7603759765625,1406.9000244140625,1436.75,1400.0,1409.800048828125,37113815
2024-06-03,1370.785400390625,1405.9000244140625,1440.0,1404.0,1440.0,10589244
2024-06-04,1358.84130859375,1393.6500244140625,1415.0,1358.3499755859375,1409.0,13736134
2024-06-05,1394.380859375,1430.0999755859375,1438.0,1400.1500244140625,1400.1500244140625,9233424
2024-06-06,1435.478271484375,1472.25,1474.300048828125,1437.5,1444.949951171875,12660930
2024-06-07,1495.2957763671875,1533.5999755859375,1539.699951171875,1477.25,1481.0,24075302
2024-06-10,1462.2913818359375,1499.75,1529.800048828125,1497.300048828125,1525.300048828125,6810606
2024-06-11,1458.39111328125,1495.75,1506.449951171875,1493.949951171875,1500.050048828125,4853054
2024-06-12,1448.104736328125,1485.199951171875,1508.75,1482.75,1507.0,9564320
2024-06-13,1456.6361083984375,1493.949951171875,1505.0,1489.3499755859375,1495.0,7307565
2024-06-14,1451.7122802734375,1488.9000244140625,1503.699951171875,1486.050048828125,1503.699951171875,4237727
2024-06-18,1460.7799072265625,1498.199951171875,1507.0,1495.4000244140625,1497.0,5420939
2024-06-19,1473.6015625,1511.3499755859375,1515.6500244140625,1496.699951171875,1505.0,5493456
2024-06-20,1477.5504150390625,1515.4000244140625,1517.5,1499.0999755859375,1516.300048828125,7927010
2024-06-21,1494.4183349609375,1532.699951171875,1557.75,1523.699951171875,1545.0,17301941
2024-06-24,1489.0069580078125,1527.1500244140625,1529.0999755859375,1515.4000244140625,1524.550048828125,5564989
2024-06-25,1503.437255859375,1541.949951171875,1543.9000244140625,1520.3499755859375,1526.0,4551525
2024-06-26,1502.2183837890625,1540.699951171875,1548.8499755859375,1535.0,1541.0,4851004
2024-06-27,1534.052978515625,1573.3499755859375,1578.4000244140625,1532.050048828125,1538.449951171875,14757754
2024-06-28,1527.6177978515625,1566.75,1588.5,1564.25,1572.550048828125,8197544
2024-07-01,1551.0672607421875,1590.800048828125,1599.9000244140625,1559.5,1559.5,6801771
2024-07-02,1580.5616455078125,1621.050048828125,1633.800048828125,1586.5,1596.199951171875,10493173
2024-07-03,1586.7530517578125,1627.4000244140625,1636.0,1606.0,1625.0,7269965
2024-07-04,1609.42236328125,1650.6500244140625,1660.0,1628.0,1628.199951171875,8008311
2024-07-05,1606.30224609375,1647.449951171875,1665.8499755859375,1633.3499755859375,1651.449951171875,7065022
2024-07-08,1620.1475830078125,1661.6500244140625,1666.0,1640.0,1643.0999755859375,5880533
2024-07-09,1615.760009765625,1657.1500244140625,1666.75,1651.0,1659.9000244140625,5191182
2024-07-10,1607.082275390625,1648.25,1674.0,1637.550048828125,1657.0,9852770
2024-07-11,1611.4210205078125,1652.699951171875,1665.0,1642.050048828125,1656.0,8857679
2024-07-12,1668.9962158203125,1711.75,1719.75,1666.6500244140625,1680.0,17078316
2024-07-15,1664.4136962890625,1707.050048828125,1728.0,1702.6500244140625,1726.199951171875,6942230
2024-07-16,1682.939208984375,1726.050048828125,1737.9000244140625,1700.0,1718.5999755859375,6886281
2024-07-18,1714.139892578125,1758.050048828125,1765.4000244140625,1719.0,1719.0,11248896
2024-07-19,1748.1680908203125,1792.949951171875,1844.0,1786.449951171875,1844.0,29819116
2024-07-22,1765.6209716796875,1810.8499755859375,1823.0,1792.949951171875,1800.1500244140625,8462126
2024-07-23,1791.0203857421875,1836.9000244140625,1839.949951171875,1783.25,1810.0,7113056
2024-07-24,1788.1441650390625,1833.949951171875,1842.3499755859375,1819.5999755859375,1837.5,6002845
2024-07-25,1779.2713623046875,1824.8499755859375,1830.9000244140625,1812.0,1820.0,5815599
2024-07-26,1831.971435546875,1878.9000244140625,1883.0,1825.3499755859375,1825.3499755859375,11369047
2024-07-29,1824.3662109375,1871.0999755859375,1903.0,1864.0,1893.5999755859375,4635931
2024-07-30,1830.26513671875,1877.1500244140625,1879.949951171875,1860.0,1871.0999755859375,2721265
2024-07-31,1821.58740234375,1868.25,1885.1500244140625,1865.050048828125,1877.0,5004209
2024-08-01,1806.3282470703125,1852.5999755859375,1867.9000244140625,1845.0999755859375,1856.0999755859375,7475014
2024-08-02,1775.7125244140625,1821.199951171875,1859.5,1816.1500244140625,1843.0,7400938
2024-08-05,1708.1435546875,1751.9000244140625,1797.5,1718.550048828125,1784.949951171875,10736703
2024-08-06,1707.3634033203125,1751.0999755859375,1796.949951171875,1744.8499755859375,1760.199951171875,7690163
2024-08-07,1746.9007568359375,1791.6500244140625,1797.9000244140625,1762.0999755859375,1796.0,5094329
2024-08-08,1699.6119384765625,1743.1500244140625,1779.949951171875,1727.0999755859375,1779.949951171875,6227910
2024-08-09,1726.5225830078125,1770.75,1780.75,1756.0,1771.25,4258524
2024-08-12,1752.507080078125,1797.4000244140625,1803.5,1768.0999755859375,1773.050048828125,4315329
2024-08-13,1752.5556640625,1797.449951171875,1810.0,1789.050048828125,1810.0,4176918
2024-08-14,1777.71142578125,1823.25,1825.0,1797.449951171875,1802.0,7450718
2024-08-16,1812.5196533203125,1858.949951171875,1861.8499755859375,1829.5,1850.0,7335657
2024-08-19,1818.2236328125,1864.800048828125,1867.550048828125,1849.199951171875,1860.0,2585989
2024-08-20,1825.438720703125,1872.199951171875,1885.699951171875,1868.199951171875,1880.0,3870333
2024-08-21,1825.9261474609375,1872.699951171875,1879.0,1867.0999755859375,1875.0999755859375,1966902
2024-08-22,1833.2877197265625,1880.25,1893.6500244140625,1869.699951171875,1884.0,4300287
2024-08-23,1815.5909423828125,1862.0999755859375,1882.5999755859375,1857.0,1878.199951171875,5015935
2024-08-26,1829.2901611328125,1876.1500244140625,1888.75,1864.0,1870.0,3728589
2024-08-27,1852.641845703125,1900.0999755859375,1902.75,1873.9000244140625,1876.1500244140625,3830679
2024-08-28,1890.6678466796875,1939.0999755859375,1951.0,1897.4000244140625,1906.9000244140625,6514531
2024-08-29,1885.0614013671875,1933.3499755859375,1950.5,1920.9000244140625,1933.0,7228284
2024-08-30,1895.15283203125,1943.699951171875,1950.0,1928.0,1938.0,13466759
2024-09-02,1915.4334716796875,1964.5,1975.75,1942.800048828125,1943.3499755859375,5573739
2024-09-03,1892.76416015625,1941.25,1967.0,1936.449951171875,1967.0,4694322
2024-09-04,1874.43359375,1922.449951171875,1927.199951171875,1900.050048828125,1921.0999755859375,4778310
2024-09-05,1884.866455078125,1933.1500244140625,1940.0,1909.5999755859375,1926.25,4081810
2024-09-06,1854.34814453125,1901.8499755859375,1936.5,1896.8499755859375,1922.0,5848106
2024-09-09,1847.3280029296875,1894.6500244140625,1920.8499755859375,1889.0,1890.0,4772612
2024-09-10,1864.5372314453125,1912.300048828125,1935.0,1896.0,1904.9000244140625,6909600
2024-09-11,1862.4407958984375,1910.1500244140625,1926.0,1905.0,1914.699951171875,5312946
2024-09-12,1901.7342529296875,1950.449951171875,1956.4000244140625,1910.800048828125,1925.0,8555092
2024-09-13,1895.54296875,1944.0999755859375,1958.5999755859375,1935.6500244140625,1950.449951171875,3843127
2024-09-16,1901.5394287109375,1950.25,1952.0,1933.050048828125,1945.75,1570181
2024-09-17,1903.7818603515625,1952.550048828125,1958.449951171875,1942.1500244140625,1947.75,2793127
2024-09-18,1844.8905029296875,1892.1500244140625,1938.75,1881.300048828125,1938.75,6385468
2024-09-19,1846.88916015625,1894.199951171875,1924.9000244140625,1878.800048828125,1910.5999755859375,7976570
2024-09-20,1858.15087890625,1905.75,1915.0,1867.4000244140625,1905.0,15242974
2024-09-23,1849.0830078125,1896.449951171875,1918.9000244140625,1878.449951171875,1909.0,3636672
2024-09-24,1851.1793212890625,1898.5999755859375,1910.9000244140625,1871.4000244140625,1888.0,7277616
2024-09-25,1847.9617919921875,1895.300048828125,1901.5999755859375,1876.800048828125,1886.3499755859375,4268341
2024-09-26,1852.7882080078125,1900.25,1917.949951171875,1893.0,1897.800048828125,8952803
2024-09-27,1859.1258544921875,1906.75,1974.5999755859375,1903.300048828125,1932.0999755859375,14908931
2024-09-30,1828.75390625,1875.5999755859375,1901.25,1870.5,1880.0,6986955
2024-10-01,1856.7857666015625,1904.3499755859375,1908.949951171875,1875.0,1875.0,4029072
2024-10-03,1846.1092529296875,1893.4000244140625,1911.8499755859375,1881.0,1889.5,7503887
2024-10-04,1870.2410888671875,1918.1500244140625,1954.0999755859375,1886.0,1889.550048828125,10001483
2024-10-07,1885.9876708984375,1934.300048828125,1942.0,1916.050048828125,1923.199951171875,6112575
2024-10-08,1899.8818359375,1948.550048828125,1957.949951171875,1906.3499755859375,1937.9000244140625,5637391
2024-10-09,1903.976806640625,1952.75,1977.0,1945.0999755859375,1952.550048828125,4857163
2024-10-10,1871.0699462890625,1919.0,1964.0,1914.0999755859375,1957.9000244140625,4782119
2024-10-11,1886.7677001953125,1935.0999755859375,1947.0,1910.0999755859375,1918.0,4709431
2024-10-14,1909.9732666015625,1958.9000244140625,1969.5,1931.0999755859375,1932.1500244140625,3751378
2024-10-15,1910.3634033203125,1959.300048828125,1991.449951171875,1951.75,1960.0,5353705
2024-10-16,1872.1424560546875,1920.0999755859375,1959.550048828125,1916.3499755859375,1955.0,3111512
2024-10-17,1918.9434814453125,1968.0999755859375,1978.0,1930.1500244140625,1935.199951171875,8162822
2024-10-18,1832.6539306640625,1879.5999755859375,1936.8499755859375,1869.25,1893.800048828125,10526196
2024-10-21,1806.474609375,1852.75,1898.800048828125,1838.0,1891.0999755859375,4654601
2024-10-22,1805.3531494140625,1851.5999755859375,1877.800048828125,1846.949951171875,1858.199951171875,4125240
2024-10-23,1826.60888671875,1873.4000244140625,1886.0,1844.0,1845.25,4311910
2024-10-24,1816.809814453125,1863.3499755859375,1884.0,1860.0,1861.4000244140625,2906475
2024-10-25,1815.5423583984375,1862.050048828125,1876.3499755859375,1846.4000244140625,1863.449951171875,4689120
2024-10-28,1818.7598876953125,1865.3499755859375,1881.9000244140625,1857.0,1859.699951171875,7018940
2024-10-29,1813.7799072265625,1839.300048828125,1851.5999755859375,1829.0,1846.0,4621252
2024-10-30,1777.0960693359375,1802.0999755859375,1839.0,1796.3499755859375,1832.0,5919715
2024-10-31,1732.868408203125,1757.25,1787.9000244140625,1746.5,1787.9000244140625,7395236
2024-11-01,1736.4183349609375,1760.8499755859375,1766.0,1752.050048828125,1764.5,371966
2024-11-04,1739.1795654296875,1763.6500244140625,1767.0,1718.0,1724.5,7336722
2024-11-05,1729.860595703125,1754.199951171875,1768.449951171875,1745.0,1760.0,3160880
2024-11-06,1798.3963623046875,1823.699951171875,1827.199951171875,1762.6500244140625,1764.0,10421494
2024-11-07,1778.032958984375,1803.050048828125,1825.699951171875,1787.0,1812.949951171875,4550965
2024-11-08,1804.5595703125,1829.949951171875,1840.5999755859375,1813.1500244140625,1818.0,4210960
2024-11-11,1834.291259765625,1860.0999755859375,1868.0,1822.550048828125,1829.0,3804234
2024-11-12,1842.87060546875,1868.800048828125,1881.0,1861.0,1871.0999755859375,5012450
2024-11-13,1842.4761962890625,1868.4000244140625,1873.199951171875,1856.300048828125,1861.0999755859375,4257495
2024-11-14,1838.6795654296875,1864.550048828125,1876.0,1856.0,1865.5999755859375,4311431
2024-11-18,1786.3162841796875,1811.449951171875,1849.199951171875,1795.0,1849.199951171875,4839244
2024-11-19,1799.4317626953125,1824.75,1859.699951171875,1820.550048828125,1825.5,4669769
2024-11-21,1808.602783203125,1834.050048828125,1867.0,1820.5999755859375,1842.0,5436504
2024-11-22,1875.8564453125,1902.25,1914.050048828125,1834.0,1854.0999755859375,6301486
2024-11-25,1863.4805908203125,1889.699951171875,1919.300048828125,1882.0,1916.0,12764638
2024-11-26,1897.45263671875,1924.1500244140625,1938.5999755859375,1897.300048828125,1904.949951171875,6850495
2024-11-27,1897.7977294921875,1924.5,1941.4000244140625,1911.75,1930.0999755859375,4447143
2024-11-28,1830.88916015625,1856.6500244140625,1914.9000244140625,1851.6500244140625,1914.9000244140625,8468790
2024-11-29,1832.072509765625,1857.8499755859375,1877.0,1845.0,1851.0999755859375,5244346
2024-12-02,1853.718017578125,1879.800048828125,1882.800048828125,1835.199951171875,1859.0,2868263
2024-12-03,1865.8472900390625,1892.0999755859375,1899.75,1871.1500244140625,1887.0,4715792
2024-12-04,1863.036865234375,1889.25,1913.949951171875,1875.0,1884.0,4705573
2024-12-05,1908.004150390625,1934.8499755859375,1949.9000244140625,1888.949951171875,1900.0,9050038
2024-12-06,1895.7269287109375,1922.4000244140625,1937.949951171875,1912.4000244140625,1932.800048828125,3573331
2024-12-09,1896.9595947265625,1923.6500244140625,1930.199951171875,1897.199951171875,1924.199951171875,4274645
2024-12-10,1921.51416015625,1948.550048828125,1965.5999755859375,1932.0,1939.0,6174921
2024-12-11,1946.7589111328125,1974.1500244140625,1978.0,1952.0,1955.0,5025612
2024-12-12,1959.4305419921875,1987.0,1998.800048828125,1970.550048828125,1975.199951171875,6462130
2024-12-13,1971.954345703125,1999.699951171875,2006.449951171875,1953.800048828125,1969.75,5362693
2024-12-16,1952.5770263671875,1980.050048828125,1999.5999755859375,1977.5999755859375,1995.449951171875,3119221
2024-12-17,1949.1749267578125,1976.5999755859375,1982.0,1958.0,1968.0,5811050
2024-12-18,1951.6895751953125,1979.1500244140625,1984.949951171875,1961.5999755859375,1966.800048828125,3064095
2024-12-19,1919.1966552734375,1946.199951171875,1959.75,1920.0,1934.0,5323592
2024-12-20,1895.4803466796875,1922.1500244140625,1979.949951171875,1911.25,1975.1500244140625,11056720
2024-12-23,1897.6005859375,1924.300048828125,1940.0,1909.0,1930.050048828125,2781793
2024-12-24,1882.5621337890625,1909.050048828125,1942.0,1840.0,1927.050048828125,2360544
2024-12-26,1880.93505859375,1907.4000244140625,1919.75,1902.300048828125,1909.050048828125,3623321
2024-12-27,1890.1552734375,1916.75,1924.1500244140625,1903.9000244140625,1909.4000244140625,3937500
2024-12-30,1879.554443359375,1906.0,1916.0,1886.5,1915.699951171875,7789055
2024-12-31,1853.9151611328125,1880.0,1897.0,1845.050048828125,1892.300048828125,3613063
2025-01-01,1856.3804931640625,1882.5,1892.949951171875,1874.0,1874.0,1838368
2025-01-02,1930.68505859375,1957.8499755859375,1962.6500244140625,1885.300048828125,1887.0,7083645
2025-01-03,1911.85009765625,1938.75,1952.949951171875,1922.0,1952.949951171875,6218003
2025-01-06,1910.9625244140625,1937.8499755859375,1973.0,1928.0,1952.0,7164403
2025-01-07,1904.0596923828125,1930.8499755859375,1958.550048828125,1923.6500244140625,1945.0,4294832
2025-01-08,1906.3277587890625,1933.1500244140625,1938.5999755859375,1888.75,1930.0,5482050
2025-01-09,1890.69775390625,1917.300048828125,1951.8499755859375,1910.550048828125,1934.050048828125,6833503
2025-01-10,1939.65869140625,1966.949951171875,1977.800048828125,1932.25,1937.0,8036913
2025-01-13,1934.974609375,1962.199951171875,1982.800048828125,1949.0,1956.0,5804152
2025-01-14,1913.132080078125,1940.050048828125,1971.800048828125,1931.0999755859375,1968.8499755859375,5792162
2025-01-15,1922.598876953125,1949.6500244140625,1958.050048828125,1937.0999755859375,1947.0,2985439
2025-01-16,1901.69287109375,1928.449951171875,1966.949951171875,1916.8499755859375,1965.949951171875,7533579
2025-01-17,1790.2607421875,1815.449951171875,1858.0,1812.0,1851.0,16409953
2025-01-20,1788.1407470703125,1813.300048828125,1827.949951171875,1793.1500244140625,1822.949951171875,4333011
2025-01-21,1775.7154541015625,1800.699951171875,1831.6500244140625,1793.050048828125,1819.050048828125,7169109
2025-01-22,1830.69189453125,1856.449951171875,1865.800048828125,1805.1500244140625,1807.4000244140625,8373913
2025-01-23,1839.5670166015625,1865.449951171875,1879.550048828125,1852.699951171875,1858.0,5907471
2025-01-24,1849.4283447265625,1875.449951171875,1894.9000244140625,1864.25,1865.5,4887027
2025-01-27,1796.719970703125,1822.0,1863.0,1812.0,1848.75,7652371
2025-01-28,1804.3624267578125,1829.75,1863.5,1824.9000244140625,1830.0,6999495
2025-01-29,1855.1478271484375,1881.25,1888.6500244140625,1840.5,1845.0,5145155
2025-01-30,1834.143310546875,1859.949951171875,1887.199951171875,1844.0,1873.1500244140625,7336056
2025-01-31,1853.718017578125,1879.800048828125,1897.449951171875,1871.0,1871.0,5820470
2025-02-01,1825.6627197265625,1851.3499755859375,1890.5999755859375,1846.0,1880.300048828125,1701402
2025-02-03,1837.447021484375,1863.300048828125,1876.550048828125,1832.4000244140625,1836.0,4823228
2025-02-04,1872.4544677734375,1898.800048828125,1911.199951171875,1875.0,1889.0,7334787
2025-02-05,1870.7286376953125,1897.050048828125,1919.699951171875,1894.300048828125,1906.0,4996744
2025-02-06,1889.070556640625,1915.6500244140625,1924.0,1900.0,1917.0,4765255
2025-02-07,1877.237060546875,1903.6500244140625,1923.699951171875,1889.449951171875,1919.300048828125,4126260
2025-02-10,1854.2110595703125,1880.300048828125,1905.0,1878.5999755859375,1905.0,3828734
2025-02-11,1849.6256103515625,1875.6500244140625,1903.0,1870.0,1883.0999755859375,4411601
2025-02-12,1837.299072265625,1863.1500244140625,1894.5999755859375,1847.0,1885.0,5633947
2025-02-13,1817.6751708984375,1843.25,1873.5,1835.6500244140625,1868.5,5237744
2025-02-14,1830.6427001953125,1856.4000244140625,1859.300048828125,1828.3499755859375,1854.0,5292961
2025-02-17,1816.73828125,1842.300048828125,1852.75,1822.1500244140625,1838.550048828125,4428956
2025-02-18,1826.25439453125,1851.949951171875,1861.6500244140625,1837.5999755859375,1842.300048828125,4365260
2025-02-19,1785.6754150390625,1810.800048828125,1849.199951171875,1805.9000244140625,1847.4000244140625,4611411
2025-02-20,1799.8262939453125,1825.1500244140625,1831.0,1805.550048828125,1805.550048828125,2218020
2025-02-21,1789.8170166015625,1815.0,1829.8499755859375,1806.199951171875,1821.800048828125,3379879
2025-02-24,1739.623291015625,1764.0999755859375,1808.0,1750.25,1800.050048828125,7594720
2025-02-25,1743.17333984375,1767.699951171875,1778.449951171875,1745.1500244140625,1745.1500244140625,5092963
2025-02-27,1739.820556640625,1764.300048828125,1775.8499755859375,1751.0999755859375,1755.199951171875,5757079
2025-02-28,1664.2833251953125,1687.699951171875,1755.0999755859375,1682.449951171875,1755.050048828125,12182167
2025-03-03,1684.893310546875,1708.5999755859375,1728.5999755859375,1692.300048828125,1692.300048828125,7504969
2025-03-04,1664.8751220703125,1688.300048828125,1699.0,1670.0,1695.0,6759673
2025-03-05,1687.753173828125,1711.5,1732.949951171875,1692.449951171875,1692.449951171875,8180782
2025-03-06,1692.042724609375,1715.8499755859375,1722.300048828125,1691.0999755859375,1715.0,10610547
2025-03-07,1662.60693359375,1686.0,1705.0,1675.5,1703.0999755859375,8019331
2025-03-10,1677.842529296875,1701.449951171875,1719.0,1676.199951171875,1686.0,7558981
2025-03-11,1638.54541015625,1661.5999755859375,1680.0,1637.050048828125,1680.0,12671234
2025-03-12,1568.777099609375,1590.8499755859375,1636.9000244140625,1563.800048828125,1636.9000244140625,14870008
2025-03-13,1557.9296875,1579.8499755859375,1606.050048828125,1570.300048828125,1599.25,7822888
2025-03-17,1567.98828125,1590.050048828125,1594.0,1545.1500244140625,1545.1500244140625,7526032
2025-03-18,1567.98828125,1590.050048828125,1590.050048828125,1590.050048828125,1590.050048828125,0
2025-03-19,1564.536865234375,1586.550048828125,1603.0,1572.800048828125,1603.0,7387068
2025-03-20,1593.134521484375,1615.550048828125,1631.9000244140625,1592.0,1592.0,7186750
2025-03-21,1570.45361328125,1592.550048828125,1603.9000244140625,1563.6500244140625,1577.949951171875,10074677
2025-03-24,1570.6507568359375,1592.75,1607.0999755859375,1572.699951171875,1597.949951171875,8857726
2025-03-25,1605.8553466796875,1628.449951171875,1636.1500244140625,1605.0,1605.0,9890140
2025-03-26,1577.2578125,1599.449951171875,1637.75,1595.0,1626.0,6651302
2025-03-27,1581.301025390625,1603.550048828125,1619.949951171875,1586.0,1595.550048828125,9426573
2025-03-28,1548.857421875,1570.6500244140625,1598.449951171875,1560.0,1590.0,6799047
2025-04-01,1505.3199462890625,1526.5,1547.4000244140625,1517.8499755859375,1539.25,12680733
2025-04-02,1528.641845703125,1550.1500244140625,1555.6500244140625,1535.199951171875,1535.199951171875,6193478
2025-04-03,1475.7362060546875,1496.5,1534.6500244140625,1485.050048828125,1534.6500244140625,10459504
2025-04-04,1431.508544921875,1451.6500244140625,1472.0,1448.0,1460.5,9590254
2025-04-07,1377.3702392578125,1396.75,1405.9000244140625,1307.0,1352.0,21715252
2025-04-08,1408.9755859375,1428.800048828125,1456.5,1415.0,1431.0,12805001
2025-04-09,1384.2237548828125,1403.699951171875,1409.449951171875,1381.9000244140625,1405.050048828125,8546854
2025-04-11,1389.89404296875,1409.449951171875,1438.800048828125,1397.050048828125,1411.25,12567440
2025-04-15,1406.21435546875,1426.0,1447.699951171875,1409.0,1445.5999755859375,10178530
2025-04-16,1393.493408203125,1413.0999755859375,1427.5,1396.800048828125,1425.0,12022740
2025-04-17,1399.8045654296875,1419.5,1429.800048828125,1378.300048828125,1398.0,14264227
2025-04-21,1430.8675537109375,1451.0,1471.800048828125,1410.0,1410.0,15648970
2025-04-22,1403.058837890625,1422.800048828125,1440.0,1419.300048828125,1440.0,9399738
2025-04-23,1454.4359130859375,1474.9000244140625,1487.800048828125,1439.5999755859375,1446.0,11136642
2025-04-24,1450.9844970703125,1471.4000244140625,1482.9000244140625,1461.5,1469.9000244140625,7114292
2025-04-25,1459.662353515625,1480.199951171875,1501.699951171875,1463.5,1475.5,8329979
2025-04-28,1461.5360107421875,1482.0999755859375,1489.5999755859375,1465.300048828125,1480.199951171875,5886253
2025-04-29,1476.722412109375,1497.5,1509.800048828125,1474.0999755859375,1482.0,8056743
2025-04-30,1479.2862548828125,1500.0999755859375,1508.800048828125,1482.5999755859375,1496.800048828125,7704183
2025-05-02,1485.991943359375,1506.9000244140625,1523.199951171875,1496.199951171875,1499.699951171875,7402310
2025-05-05,1487.6683349609375,1508.5999755859375,1523.0,1502.800048828125,1515.0,4282493
2025-05-06,1490.528076171875,1511.5,1515.5999755859375,1499.0999755859375,1506.0,4270530
2025-05-07,1487.37255859375,1508.300048828125,1518.800048828125,1496.5999755859375,1500.0,5691799
2025-05-08,1490.4295654296875,1511.4000244140625,1516.5,1501.199951171875,1508.0,8424409
2025-05-09,1486.6822509765625,1507.5999755859375,1511.4000244140625,1494.0999755859375,1500.699951171875,4478653
2025-05-12,1604.3270263671875,1626.9000244140625,1632.0,1532.0,1537.0,11372857
2025-05-13,1546.8358154296875,1568.5999755859375,1612.199951171875,1564.5999755859375,1609.0,12846210
2025-05-14,1570.3056640625,1592.4000244140625,1595.0,1569.5,1574.0,4870057
2025-05-15,1590.6197509765625,1613.0,1618.5999755859375,1571.0,1589.800048828125,11151167
2025-05-16,1567.84033203125,1589.9000244140625,1612.5999755859375,1581.5,1612.5999755859375,4576751
2025-05-19,1538.157958984375,1559.800048828125,1585.0,1555.699951171875,1576.5,8855798
2025-05-20,1538.94677734375,1560.5999755859375,1583.5,1558.0,1570.0,7143998
2025-05-21,1546.7371826171875,1568.5,1571.0,1552.0999755859375,1567.9000244140625,4157309
2025-05-22,1526.028564453125,1547.5,1560.800048828125,1540.0,1555.5,6158990
2025-05-23,1543.088623046875,1564.800048828125,1587.199951171875,1550.0,1550.0,5038421
2025-05-26,1558.5706787109375,1580.5,1583.800048828125,1562.699951171875,1566.5999755859375,3170102
2025-05-27,1548.3150634765625,1570.0999755859375,1582.9000244140625,1556.4000244140625,1579.9000244140625,7775714
2025-05-28,1549.991455078125,1571.800048828125,1587.699951171875,1570.0,1581.0,3623370
2025-05-29,1563.5999755859375,1585.5999755859375,1608.9000244140625,1576.5999755859375,1589.0,8609500
2025-05-30,1562.699951171875,1562.699951171875,1572.0,1555.0999755859375,1571.0,13148092
2025-06-02,1553.800048828125,1553.800048828125,1560.0,1539.0,1560.0,4374509
2025-06-03,1543.0,1543.0,1567.300048828125,1535.5999755859375,1559.0,6853403
2025-06-04,1551.199951171875,1551.199951171875,1557.300048828125,1541.4000244140625,1543.0,4548307
2025-06-05,1554.300048828125,1554.300048828125,1567.699951171875,1541.5999755859375,1547.9000244140625,6948539
2025-06-06,1563.800048828125,1563.800048828125,1568.9000244140625,1543.0999755859375,1554.699951171875,3960020
2025-06-09,1572.9000244140625,1572.9000244140625,1588.0,1571.0,1578.0,2903202
2025-06-10,1596.0,1596.0,1607.5,1577.5,1584.0,8591925
2025-06-11,1631.0999755859375,1631.0999755859375,1634.5999755859375,1590.0999755859375,1590.0999755859375,10597410
2025-06-12,1608.5999755859375,1608.5999755859375,1628.0,1598.0999755859375,1617.0,10483574
2025-06-13,1602.0,1602.0,1609.0,1570.199951171875,1576.0,6968315
2025-06-16,1623.800048828125,1623.800048828125,1634.800048828125,1597.0999755859375,1600.0,5591842
2025-06-17,1639.9000244140625,1639.9000244140625,1647.4000244140625,1615.5999755859375,1620.699951171875,7622083
2025-06-18,1632.9000244140625,1632.9000244140625,1644.699951171875,1621.0,1621.0,5629707
2025-06-19,1618.4000244140625,1618.4000244140625,1630.0,1611.5,1623.9000244140625,5147760
2025-06-20,1622.9000244140625,1622.9000244140625,1630.699951171875,1608.9000244140625,1619.0,9202821
2025-06-23,1584.0,1584.0,1601.0,1575.4000244140625,1601.0,7943676
2025-06-24,1581.5999755859375,1581.5999755859375,1609.0,1576.5999755859375,1601.0,8083992
2025-06-25,1614.9000244140625,1614.9000244140625,1619.9000244140625,1585.0999755859375,1590.0,7813533
2025-06-26,1616.0,1616.0,1624.0,1606.5999755859375,1608.800048828125,6519233
2025-06-27,1608.0,1608.0,1629.5999755859375,1602.4000244140625,1619.0,8912268
2025-06-30,1601.800048828125,1601.800048828125,1615.0,1594.0999755859375,1615.0,6294505
2025-07-01,1606.800048828125,1606.800048828125,1617.699951171875,1600.5,1609.0,4178937
2025-07-02,1610.5,1610.5,1649.0,1603.4000244140625,1618.0,8653641
2025-07-03,1618.699951171875,1618.699951171875,1632.4000244140625,1615.0,1618.5,5259695
2025-07-04,1640.699951171875,1640.699951171875,1643.4000244140625,1612.300048828125,1625.0,4411273
2025-07-07,1627.0,1627.0,1644.0,1623.0,1640.0,3294523
2025-07-08,1638.699951171875,1638.699951171875,1646.199951171875,1621.5,1628.0,4590681
2025-07-09,1633.699951171875,1633.699951171875,1638.0,1623.5999755859375,1637.800048828125,4580828
2025-07-10,1615.800048828125,1615.800048828125,1638.9000244140625,1607.0999755859375,1638.9000244140625,5330179
2025-07-11,1594.9000244140625,1594.9000244140625,1607.0999755859375,1563.0,1579.0999755859375,11391755
2025-07-14,1570.300048828125,1570.300048828125,1591.800048828125,1559.800048828125,1591.800048828125,9173426
2025-07-15,1585.5999755859375,1585.5999755859375,1603.5999755859375,1564.0,1565.0999755859375,7614807
2025-07-16,1607.9000244140625,1607.9000244140625,1612.0,1578.5,1579.0,6223491
2025-07-17,1583.5,1583.5,1610.0,1580.0999755859375,1598.0,7374814
2025-07-18,1586.0999755859375,1586.0999755859375,1599.300048828125,1580.0,1592.0999755859375,5161833
2025-07-21,1584.300048828125,1584.300048828125,1589.0,1566.800048828125,1580.0,3682661
2025-07-22,1570.9000244140625,1570.9000244140625,1585.800048828125,1565.0,1565.0,8473741
2025-07-23,1574.5,1574.5,1591.9000244140625,1550.0,1576.300048828125,8035026
2025-07-24,1552.5,1552.5,1582.0,1548.199951171875,1580.0,14169664
2025-07-25,1515.699951171875,1515.699951171875,1549.5,1511.300048828125,1543.4000244140625,10851259
2025-07-28,1516.0,1516.0,1519.300048828125,1482.5,1513.9000244140625,6439855
2025-07-29,1513.699951171875,1513.699951171875,1517.199951171875,1496.0999755859375,1512.9000244140625,7070448
2025-07-30,1519.0,1519.0,1521.699951171875,1506.0,1519.9000244140625,5719051
2025-07-31,1509.0,1509.0,1527.0999755859375,1497.0,1509.699951171875,6851407
2025-08-01,1469.5999755859375,1469.5999755859375,1498.699951171875,1465.5,1493.9000244140625,8702978
2025-08-04,1480.5,1480.5,1482.800048828125,1451.0,1461.5,8610216
2025-08-05,1460.300048828125,1460.300048828125,1478.699951171875,1455.0,1478.699951171875,10213323
2025-08-06,1436.699951171875,1436.699951171875,1456.0999755859375,1430.300048828125,1452.0,10566934
2025-08-07,1436.9000244140625,1436.9000244140625,1442.0,1414.199951171875,1430.0,9892020
2025-08-08,1423.0999755859375,1423.0999755859375,1433.199951171875,1417.0999755859375,1425.0,10048009
2025-08-11,1428.199951171875,1428.199951171875,1433.4000244140625,1414.0,1419.9000244140625,6625368
2025-08-12,1424.0999755859375,1424.0999755859375,1441.0,1421.0,1428.199951171875,9899184
2025-08-13,1426.5999755859375,1426.5999755859375,1434.0,1422.4000244140625,1425.0,10318063
2025-08-14,1447.699951171875,1447.699951171875,1470.0,1426.199951171875,1426.199951171875,12902347
2025-08-18,1435.800048828125,1435.800048828125,1464.699951171875,1429.5999755859375,1464.699951171875,7254561
2025-08-19,1440.0,1440.0,1449.4000244140625,1432.699951171875,1432.699951171875,3986094
2025-08-20,1496.199951171875,1496.199951171875,1499.0,1440.699951171875,1440.699951171875,10413061
2025-08-21,1496.4000244140625,1496.4000244140625,1508.0,1484.300048828125,1508.0,6565539
